"CoreId","Identifier","type","rightsHolder","creator","accessURI","format","variantLiteral","license"
"296911@OBS","https://observation.org/photos/9999/","StillImage","Andr√© den Ouden","Andre den Ouden","https://observation.org/photos/9999.jpg","image/jpeg","Best Quality","All rights reserved"
"45689812@OBS","https://observation.org/photos/999999/","StillImage","Hans van Kersbergen","Hans van Kersbergen","https://observation.org/photos/999999.jpg","image/jpeg","Best Quality","CC BY-NC-ND 4.0"
"84618254@OBS","https://observation.org/photos/9999990/","StillImage","Will Schep","Will Schep","https://observation.org/photos/9999990.jpg","image/jpeg","Best Quality","All rights reserved"
"113398110@OBS","https://observation.org/photos/9999964/","StillImage","Alexander Welle","Alexander Welle","https://observation.org/photos/9999964.jpg","image/jpeg","Best Quality","All rights reserved"
"113398110@OBS","https://observation.org/photos/9999962/","StillImage","Alexander Welle","Alexander Welle","https://observation.org/photos/9999962.jpg","image/jpeg","Best Quality","All rights reserved"
"45689774@OBS","https://observation.org/photos/999995/","StillImage","Eric Brandes","Eric Brandes","https://observation.org/photos/999995.jpg","image/jpeg","Best Quality","CC BY-NC-ND 4.0"
"113398110@OBS","https://observation.org/photos/9999957/","StillImage","Alexander Welle","Alexander Welle","https://observation.org/photos/9999957.jpg","image/jpeg","Best Quality","All rights reserved"
"113398064@OBS","https://observation.org/photos/9999952/","StillImage","Alexander Welle","Alexander Welle","https://observation.org/photos/9999952.jpg","image/jpeg","Best Quality","All rights reserved"
"113397996@OBS","https://observation.org/photos/9999942/","StillImage","Alexander Welle","Alexander Welle","https://observation.org/photos/9999942.jpg","image/jpeg","Best Quality","All rights reserved"
"113397967@OBS","https://observation.org/photos/9999937/","StillImage","Alexander Welle","Alexander Welle","https://observation.org/photos/9999937.jpg","image/jpeg","Best Quality","All rights reserved"
"113397670@OBS","https://observation.org/photos/9999931/","StillImage","Jan Willem Jonker","Jan Willem Jonker","https://observation.org/photos/9999931.jpg","image/jpeg","Best Quality","All rights reserved"
"113397670@OBS","https://observation.org/photos/9999929/","StillImage","Jan Willem Jonker","Jan Willem Jonker","https://observation.org/photos/9999929.jpg","image/jpeg","Best Quality","All rights reserved"
"81273075@OBS","https://observation.org/photos/9999922/","StillImage","Will Schep","Will Schep","https://observation.org/photos/9999922.jpg","image/jpeg","Best Quality","All rights reserved"
"81273075@OBS","https://observation.org/photos/9999921/","StillImage","Will Schep","Will Schep","https://observation.org/photos/9999921.jpg","image/jpeg","Best Quality","All rights reserved"
"45689749@OBS","https://observation.org/photos/999991/","StillImage","Eric Brandes","Eric Brandes","https://observation.org/photos/999991.jpg","image/jpeg","Best Quality","CC BY-NC-ND 4.0"
"45689749@OBS","https://observation.org/photos/999990/","StillImage","Eric Brandes","Eric Brandes","https://observation.org/photos/999990.jpg","image/jpeg","Best Quality","CC BY-NC-ND 4.0"
"113397797@OBS","https://observation.org/photos/9999906/","StillImage","Willem Olbers","Willem Olbers","https://observation.org/photos/9999906.jpg","image/jpeg","Best Quality","CC BY-NC-ND 4.0"
"113397793@OBS","https://observation.org/photos/9999903/","StillImage","AJ Laansma","A.J. Laansma","https://observation.org/photos/9999903.jpg","image/jpeg","Best Quality","CC BY-NC-ND 4.0"
"113393379@OBS","https://observation.org/photos/9999901/","StillImage","Hans Diepstraten","Hans Diepstraten","https://observation.org/photos/9999901.jpg","image/jpeg","Best Quality","CC BY-NC-ND 4.0"
"113397779@OBS","https://observation.org/photos/9999900/","StillImage","Willem Olbers","Willem Olbers","https://observation.org/photos/9999900.jpg","image/jpeg","Best Quality","CC BY-NC-ND 4.0"
"1723060@OBS","https://observation.org/photos/99998/","StillImage","Marc Budding","Marc Budding","https://observation.org/photos/99998.jpg","image/jpeg","Best Quality","All rights reserved"
"113393380@OBS","https://observation.org/photos/9999898/","StillImage","Hans Diepstraten","Hans Diepstraten","https://observation.org/photos/9999898.jpg","image/jpeg","Best Quality","CC BY-NC-ND 4.0"
"113397767@OBS","https://observation.org/photos/9999896/","StillImage","Willem Olbers","Willem Olbers","https://observation.org/photos/9999896.jpg","image/jpeg","Best Quality","CC BY-NC-ND 4.0"
"113397659@OBS","https://observation.org/photos/9999870/","StillImage","AJ Laansma","A.J. Laansma","https://observation.org/photos/9999870.jpg","image/jpeg","Best Quality","CC BY-NC-ND 4.0"
"45689663@OBS","https://observation.org/photos/999986/","StillImage","jan willem dekker","jan willem dekker","https://observation.org/photos/999986.jpg","image/jpeg","Best Quality","CC BY-NC-ND 4.0"
"113397615@OBS","https://observation.org/photos/9999867/","StillImage","AJ Laansma","A.J. Laansma","https://observation.org/photos/9999867.jpg","image/jpeg","Best Quality","CC BY-NC-ND 4.0"
"113397615@OBS","https://observation.org/photos/9999865/","StillImage","AJ Laansma","A.J. Laansma","https://observation.org/photos/9999865.jpg","image/jpeg","Best Quality","CC BY-NC-ND 4.0"
"113397615@OBS","https://observation.org/photos/9999862/","StillImage","AJ Laansma","A.J. Laansma","https://observation.org/photos/9999862.jpg","image/jpeg","Best Quality","CC BY-NC-ND 4.0"
"113397596@OBS","https://observation.org/photos/9999855/","StillImage","AJ Laansma","A.J. Laansma","https://observation.org/photos/9999855.jpg","image/jpeg","Best Quality","CC BY-NC-ND 4.0"
"113396793@OBS","https://observation.org/photos/9999851/","StillImage","Jaco Walhout","Jaco Walhout","https://observation.org/photos/9999851.jpg","image/jpeg","Best Quality","CC BY-NC-ND 4.0"
"113396716@OBS","https://observation.org/photos/9999845/","StillImage","Jaco Walhout","Jaco Walhout","https://observation.org/photos/9999845.jpg","image/jpeg","Best Quality","CC BY-NC-ND 4.0"
"113396716@OBS","https://observation.org/photos/9999844/","StillImage","Jaco Walhout","Jaco Walhout","https://observation.org/photos/9999844.jpg","image/jpeg","Best Quality","CC BY-NC-ND 4.0"
"113396800@OBS","https://observation.org/photos/9999843/","StillImage","Jaco Walhout","Jaco Walhout","https://observation.org/photos/9999843.jpg","image/jpeg","Best Quality","CC BY-NC-ND 4.0"
"106060221@OBS","https://observation.org/photos/9999841/","StillImage","Harm Alberts","Harm Alberts","https://observation.org/photos/9999841.jpg","image/jpeg","Best Quality","CC BY-NC-ND 4.0"
"113397407@OBS","https://observation.org/photos/9999837/","StillImage","Joep Vermaat","Joep Vermaat","https://observation.org/photos/9999837.jpg","image/jpeg","Best Quality","CC BY-NC-ND 4.0"
"113396774@OBS","https://observation.org/photos/9999836/","StillImage","Jaco Walhout","Jaco Walhout","https://observation.org/photos/9999836.jpg","image/jpeg","Best Quality","CC BY-NC-ND 4.0"
"113397303@OBS","https://observation.org/photos/9999830/","StillImage","Henk Sukkel","Henk Sukkel","https://observation.org/photos/9999830.jpg","image/jpeg","Best Quality","All rights reserved"
"113397351@OBS","https://observation.org/photos/9999828/","StillImage","Dik Vonk","Dik Vonk","https://observation.org/photos/9999828.jpg","image/jpeg","Best Quality","All rights reserved"
"113397351@OBS","https://observation.org/photos/9999826/","StillImage","Dik Vonk","Dik Vonk","https://observation.org/photos/9999826.jpg","image/jpeg","Best Quality","All rights reserved"
"113393381@OBS","https://observation.org/photos/9999825/","StillImage","Hans Diepstraten","Hans Diepstraten","https://observation.org/photos/9999825.jpg","image/jpeg","Best Quality","CC BY-NC-ND 4.0"
"106060221@OBS","https://observation.org/photos/9999822/","StillImage","Harm Alberts","Harm Alberts","https://observation.org/photos/9999822.jpg","image/jpeg","Best Quality","CC BY-NC-ND 4.0"
"45689700@OBS","https://observation.org/photos/999980/","StillImage","Dennis Rensen","Dennis Rensen","https://observation.org/photos/999980.jpg","image/jpeg","Best Quality","CC BY-NC-ND 4.0"
"113397326@OBS","https://observation.org/photos/9999808/","StillImage","pieter b.j. van den Berg","Pieterbj van den Berg","https://observation.org/photos/9999808.jpg","image/jpeg","Best Quality","CC BY-NC-ND 4.0"
"113396621@OBS","https://observation.org/photos/9999806/","StillImage","Steven Geurts","Steven Geurts","https://observation.org/photos/9999806.jpg","image/jpeg","Best Quality","All rights reserved"
"113397284@OBS","https://observation.org/photos/9999796/","StillImage","Henk Sukkel","Henk Sukkel","https://observation.org/photos/9999796.jpg","image/jpeg","Best Quality","All rights reserved"
"113397262@OBS","https://observation.org/photos/9999795/","StillImage","Henk Sukkel","Henk Sukkel","https://observation.org/photos/9999795.jpg","image/jpeg","Best Quality","All rights reserved"
"113396795@OBS","https://observation.org/photos/9999794/","StillImage","Steven Geurts","Steven Geurts","https://observation.org/photos/9999794.jpg","image/jpeg","Best Quality","All rights reserved"
"113397246@OBS","https://observation.org/photos/9999791/","StillImage","Henk Sukkel","Henk Sukkel","https://observation.org/photos/9999791.jpg","image/jpeg","Best Quality","All rights reserved"
"113397222@OBS","https://observation.org/photos/9999787/","StillImage","Henk Sukkel","Henk Sukkel","https://observation.org/photos/9999787.jpg","image/jpeg","Best Quality","All rights reserved"
"45689662@OBS","https://observation.org/photos/999977/","StillImage","Eric Brandes","Eric Brandes","https://observation.org/photos/999977.jpg","image/jpeg","Best Quality","CC BY-NC-ND 4.0"
"45689662@OBS","https://observation.org/photos/999976/","StillImage","Eric Brandes","Eric Brandes","https://observation.org/photos/999976.jpg","image/jpeg","Best Quality","CC BY-NC-ND 4.0"
"113392067@OBS","https://observation.org/photos/9999766/","StillImage","Ton Cuijpers","Ton Cuijpers","https://observation.org/photos/9999766.jpg","image/jpeg","Best Quality","CC BY-NC-ND 4.0"
"106060223@OBS","https://observation.org/photos/9999764/","StillImage","Harm Alberts","Harm Alberts","https://observation.org/photos/9999764.jpg","image/jpeg","Best Quality","CC BY-NC-ND 4.0"
"45689662@OBS","https://observation.org/photos/999975/","StillImage","Eric Brandes","Eric Brandes","https://observation.org/photos/999975.jpg","image/jpeg","Best Quality","CC BY-NC-ND 4.0"
"113396641@OBS","https://observation.org/photos/9999759/","StillImage","Jan Willem Jonker","Jan Willem Jonker","https://observation.org/photos/9999759.jpg","image/jpeg","Best Quality","All rights reserved"
"113396641@OBS","https://observation.org/photos/9999752/","StillImage","Jan Willem Jonker","Jan Willem Jonker","https://observation.org/photos/9999752.jpg","image/jpeg","Best Quality","All rights reserved"
"113396651@OBS","https://observation.org/photos/9999751/","StillImage","Harm Alberts","Harm Alberts","https://observation.org/photos/9999751.jpg","image/jpeg","Best Quality","CC BY-NC-ND 4.0"
"113396641@OBS","https://observation.org/photos/9999747/","StillImage","Jan Willem Jonker","Jan Willem Jonker","https://observation.org/photos/9999747.jpg","image/jpeg","Best Quality","All rights reserved"
"113396630@OBS","https://observation.org/photos/9999746/","StillImage","Erik Speksnijder","Erik Speksnijder","https://observation.org/photos/9999746.jpg","image/jpeg","Best Quality","CC BY-NC-ND 4.0"
"45689662@OBS","https://observation.org/photos/999973/","StillImage","Eric Brandes","Eric Brandes","https://observation.org/photos/999973.jpg","image/jpeg","Best Quality","CC BY-NC-ND 4.0"
"113396500@OBS","https://observation.org/photos/9999733/","StillImage","Otto Kwak","Otto Kwak","https://observation.org/photos/9999733.jpg","image/jpeg","Best Quality","CC0"
"106060221@OBS","https://observation.org/photos/9999730/","StillImage","Harm Alberts","Harm Alberts","https://observation.org/photos/9999730.jpg","image/jpeg","Best Quality","CC BY-NC-ND 4.0"
"106060221@OBS","https://observation.org/photos/9999729/","StillImage","Harm Alberts","Harm Alberts","https://observation.org/photos/9999729.jpg","image/jpeg","Best Quality","CC BY-NC-ND 4.0"
"113396382@OBS","https://observation.org/photos/9999726/","StillImage","Luc Oteman","Luc Oteman","https://observation.org/photos/9999726.jpg","image/jpeg","Best Quality","CC BY-NC-ND 4.0"
"113396224@OBS","https://observation.org/photos/9999723/","StillImage","Harm Alberts","Harm Alberts","https://observation.org/photos/9999723.jpg","image/jpeg","Best Quality","CC BY-NC-ND 4.0"
"113396382@OBS","https://observation.org/photos/9999722/","StillImage","Luc Oteman","Luc Oteman","https://observation.org/photos/9999722.jpg","image/jpeg","Best Quality","CC BY-NC-ND 4.0"
"113396422@OBS","https://observation.org/photos/9999718/","StillImage","Otto Kwak","Otto Kwak","https://observation.org/photos/9999718.jpg","image/jpeg","Best Quality","CC0"
"113396224@OBS","https://observation.org/photos/9999713/","StillImage","Harm Alberts","Harm Alberts","https://observation.org/photos/9999713.jpg","image/jpeg","Best Quality","CC BY-NC-ND 4.0"
"113396224@OBS","https://observation.org/photos/9999712/","StillImage","Harm Alberts","Harm Alberts","https://observation.org/photos/9999712.jpg","image/jpeg","Best Quality","CC BY-NC-ND 4.0"
"45689621@OBS","https://observation.org/photos/999970/","StillImage","Bert Zeijlmaker","Bert Zeijlmaker","https://observation.org/photos/999970.jpg","image/jpeg","Best Quality","CC BY-NC-ND 4.0"
"113396401@OBS","https://observation.org/photos/9999704/","StillImage","Otto Kwak","Otto Kwak","https://observation.org/photos/9999704.jpg","image/jpeg","Best Quality","CC0"
"113395962@OBS","https://observation.org/photos/9999703/","StillImage","Harry Janssen","Harry Janssen","https://observation.org/photos/9999703.jpg","image/jpeg","Best Quality","CC BY-NC-ND 4.0"
"1723060@OBS","https://observation.org/photos/99996/","StillImage","Marc Budding","Marc Budding","https://observation.org/photos/99996.jpg","image/jpeg","Best Quality","All rights reserved"
"113396387@OBS","https://observation.org/photos/9999695/","StillImage","Mark Ekker","Mark Ekker","https://observation.org/photos/9999695.jpg","image/jpeg","Best Quality","CC BY-NC-ND 4.0"
"113395872@OBS","https://observation.org/photos/9999689/","StillImage","Sonja & Lex","Sonja & Lex","https://observation.org/photos/9999689.jpg","image/jpeg","Best Quality","CC BY-NC-ND 4.0"
"113342525@OBS","https://observation.org/photos/9999673/","StillImage","Leon Olsthoorn","Leon Olsthoorn","https://observation.org/photos/9999673.jpg","image/jpeg","Best Quality","CC BY-NC-ND 4.0"
"113342525@OBS","https://observation.org/photos/9999671/","StillImage","Leon Olsthoorn","Leon Olsthoorn","https://observation.org/photos/9999671.jpg","image/jpeg","Best Quality","CC BY-NC-ND 4.0"
"106060225@OBS","https://observation.org/photos/9999661/","StillImage","Harm Alberts","Harm Alberts","https://observation.org/photos/9999661.jpg","image/jpeg","Best Quality","CC BY-NC-ND 4.0"
"106060225@OBS","https://observation.org/photos/9999659/","StillImage","Harm Alberts","Harm Alberts","https://observation.org/photos/9999659.jpg","image/jpeg","Best Quality","CC BY-NC-ND 4.0"
"113393380@OBS","https://observation.org/photos/9999646/","StillImage","Hans Diepstraten","Hans Diepstraten","https://observation.org/photos/9999646.jpg","image/jpeg","Best Quality","CC BY-NC-ND 4.0"
"113395990@OBS","https://observation.org/photos/9999639/","StillImage","Bert Stegeman","Bert Stegeman","https://observation.org/photos/9999639.jpg","image/jpeg","Best Quality","CC BY-NC-ND 4.0"
"106060220@OBS","https://observation.org/photos/9999635/","StillImage","Harm Alberts","Harm Alberts","https://observation.org/photos/9999635.jpg","image/jpeg","Best Quality","CC BY-NC-ND 4.0"
"113395930@OBS","https://observation.org/photos/9999633/","StillImage","Henny de Bruin","Henny de Bruin","https://observation.org/photos/9999633.jpg","image/jpeg","Best Quality","CC BY-NC-ND 4.0"
"113395930@OBS","https://observation.org/photos/9999632/","StillImage","Henny de Bruin","Henny de Bruin","https://observation.org/photos/9999632.jpg","image/jpeg","Best Quality","CC BY-NC-ND 4.0"
"106060221@OBS","https://observation.org/photos/9999630/","StillImage","Harm Alberts","Harm Alberts","https://observation.org/photos/9999630.jpg","image/jpeg","Best Quality","CC BY-NC-ND 4.0"
"106060221@OBS","https://observation.org/photos/9999629/","StillImage","Harm Alberts","Harm Alberts","https://observation.org/photos/9999629.jpg","image/jpeg","Best Quality","CC BY-NC-ND 4.0"
"113395953@OBS","https://observation.org/photos/9999623/","StillImage","Leon Olsthoorn","Leon Olsthoorn","https://observation.org/photos/9999623.jpg","image/jpeg","Best Quality","CC BY-NC-ND 4.0"
"113395953@OBS","https://observation.org/photos/9999622/","StillImage","Leon Olsthoorn","Leon Olsthoorn","https://observation.org/photos/9999622.jpg","image/jpeg","Best Quality","CC BY-NC-ND 4.0"
"113395953@OBS","https://observation.org/photos/9999621/","StillImage","Leon Olsthoorn","Leon Olsthoorn","https://observation.org/photos/9999621.jpg","image/jpeg","Best Quality","CC BY-NC-ND 4.0"
"113395872@OBS","https://observation.org/photos/9999612/","StillImage","Sonja & Lex","Sonja & Lex","https://observation.org/photos/9999612.jpg","image/jpeg","Best Quality","CC BY-NC-ND 4.0"
"45689559@OBS","https://observation.org/photos/999960/","StillImage","Folkert de Boer","Folkert de Boer","https://observation.org/photos/999960.jpg","image/jpeg","Best Quality","CC BY-NC-ND 4.0"
"113395931@OBS","https://observation.org/photos/9999607/","StillImage","Leon Olsthoorn","Leon Olsthoorn","https://observation.org/photos/9999607.jpg","image/jpeg","Best Quality","CC BY-NC-ND 4.0"
"113395914@OBS","https://observation.org/photos/9999601/","StillImage","Leon Olsthoorn","Leon Olsthoorn","https://observation.org/photos/9999601.jpg","image/jpeg","Best Quality","CC BY-NC-ND 4.0"
"1723060@OBS","https://observation.org/photos/99995/","StillImage","Marc Budding","Marc Budding","https://observation.org/photos/99995.jpg","image/jpeg","Best Quality","All rights reserved"
"113395897@OBS","https://observation.org/photos/9999594/","StillImage","Leon Olsthoorn","Leon Olsthoorn","https://observation.org/photos/9999594.jpg","image/jpeg","Best Quality","CC BY-NC-ND 4.0"
"113395875@OBS","https://observation.org/photos/9999593/","StillImage","Adrie van Heerden","Adrie van Heerden","https://observation.org/photos/9999593.jpg","image/jpeg","Best Quality","CC BY-NC-ND 4.0"
"45689448@OBS","https://observation.org/photos/999958/","StillImage","Hans Bouman","Hans Bouman","https://observation.org/photos/999958.jpg","image/jpeg","Best Quality","CC BY-NC-ND 4.0"
"45689432@OBS","https://observation.org/photos/999956/","StillImage","Hans Bouman","Hans Bouman","https://observation.org/photos/999956.jpg","image/jpeg","Best Quality","CC BY-NC-ND 4.0"
"113395618@OBS","https://observation.org/photos/9999568/","StillImage","Ernst Raaphorst","Ernst Raaphorst","https://observation.org/photos/9999568.jpg","image/jpeg","Best Quality","CC BY-NC-ND 4.0"
"113395618@OBS","https://observation.org/photos/9999567/","StillImage","Ernst Raaphorst","Ernst Raaphorst","https://observation.org/photos/9999567.jpg","image/jpeg","Best Quality","CC BY-NC-ND 4.0"
"113395618@OBS","https://observation.org/photos/9999566/","StillImage","Ernst Raaphorst","Ernst Raaphorst","https://observation.org/photos/9999566.jpg","image/jpeg","Best Quality","CC BY-NC-ND 4.0"
"106060226@OBS","https://observation.org/photos/9999551/","StillImage","Harm Alberts","Harm Alberts","https://observation.org/photos/9999551.jpg","image/jpeg","Best Quality","CC BY-NC-ND 4.0"
"45689428@OBS","https://observation.org/photos/999954/","StillImage","Bert Zeijlmaker","Bert Zeijlmaker","https://observation.org/photos/999954.jpg","image/jpeg","Best Quality","CC BY-NC-ND 4.0"
"45689421@OBS","https://observation.org/photos/999953/","StillImage","Hans Bouman","Hans Bouman","https://observation.org/photos/999953.jpg","image/jpeg","Best Quality","CC BY-NC-ND 4.0"
"113395392@OBS","https://observation.org/photos/9999538/","StillImage","Henny de Bruin","Henny de Bruin","https://observation.org/photos/9999538.jpg","image/jpeg","Best Quality","CC BY-NC-ND 4.0"
"113395392@OBS","https://observation.org/photos/9999536/","StillImage","Henny de Bruin","Henny de Bruin","https://observation.org/photos/9999536.jpg","image/jpeg","Best Quality","CC BY-NC-ND 4.0"
"113395392@OBS","https://observation.org/photos/9999535/","StillImage","Henny de Bruin","Henny de Bruin","https://observation.org/photos/9999535.jpg","image/jpeg","Best Quality","CC BY-NC-ND 4.0"
"113395392@OBS","https://observation.org/photos/9999534/","StillImage","Henny de Bruin","Henny de Bruin","https://observation.org/photos/9999534.jpg","image/jpeg","Best Quality","CC BY-NC-ND 4.0"
"113395392@OBS","https://observation.org/photos/9999533/","StillImage","Henny de Bruin","Henny de Bruin","https://observation.org/photos/9999533.jpg","image/jpeg","Best Quality","CC BY-NC-ND 4.0"
"106060222@OBS","https://observation.org/photos/9999531/","StillImage","Harm Alberts","Harm Alberts","https://observation.org/photos/9999531.jpg","image/jpeg","Best Quality","CC BY-NC-ND 4.0"
"45689401@OBS","https://observation.org/photos/999952/","StillImage","Hans Bouman","Hans Bouman","https://observation.org/photos/999952.jpg","image/jpeg","Best Quality","CC BY-NC-ND 4.0"
"113395327@OBS","https://observation.org/photos/9999517/","StillImage","Henny de Bruin","Henny de Bruin","https://observation.org/photos/9999517.jpg","image/jpeg","Best Quality","CC BY-NC-ND 4.0"
"113395327@OBS","https://observation.org/photos/9999516/","StillImage","Henny de Bruin","Henny de Bruin","https://observation.org/photos/9999516.jpg","image/jpeg","Best Quality","CC BY-NC-ND 4.0"
"113395026@OBS","https://observation.org/photos/9999511/","StillImage","Harm Alberts","Harm Alberts","https://observation.org/photos/9999511.jpg","image/jpeg","Best Quality","CC BY-NC-ND 4.0"
"113395026@OBS","https://observation.org/photos/9999510/","StillImage","Harm Alberts","Harm Alberts","https://observation.org/photos/9999510.jpg","image/jpeg","Best Quality","CC BY-NC-ND 4.0"
"113395276@OBS","https://observation.org/photos/9999500/","StillImage","Wim Rubers","Wim Rubers","https://observation.org/photos/9999500.jpg","image/jpeg","Best Quality","CC BY-NC-ND 4.0"
"113395276@OBS","https://observation.org/photos/9999499/","StillImage","Wim Rubers","Wim Rubers","https://observation.org/photos/9999499.jpg","image/jpeg","Best Quality","CC BY-NC-ND 4.0"
"113395260@OBS","https://observation.org/photos/9999497/","StillImage","Leon Olsthoorn","Leon Olsthoorn","https://observation.org/photos/9999497.jpg","image/jpeg","Best Quality","CC BY-NC-ND 4.0"
"113395234@OBS","https://observation.org/photos/9999489/","StillImage","Leon Olsthoorn","Leon Olsthoorn","https://observation.org/photos/9999489.jpg","image/jpeg","Best Quality","CC BY-NC-ND 4.0"
"63346043@OBS","https://observation.org/photos/9999487/","StillImage","Raoul Beunen","Raoul Beunen","https://observation.org/photos/9999487.jpg","image/jpeg","Best Quality","CC BY-NC-ND 4.0"
"63346050@OBS","https://observation.org/photos/9999481/","StillImage","Raoul Beunen","Raoul Beunen","https://observation.org/photos/9999481.jpg","image/jpeg","Best Quality","CC BY-NC-ND 4.0"
"110634684@OBS","https://observation.org/photos/9999479/","StillImage","Bert Oving","Bert Oving","https://observation.org/photos/9999479.jpg","image/jpeg","Best Quality","CC BY-NC 4.0"
"63345988@OBS","https://observation.org/photos/9999474/","StillImage","Raoul Beunen","Raoul Beunen","https://observation.org/photos/9999474.jpg","image/jpeg","Best Quality","CC BY-NC-ND 4.0"
"63345922@OBS","https://observation.org/photos/9999466/","StillImage","Raoul Beunen","Raoul Beunen","https://observation.org/photos/9999466.jpg","image/jpeg","Best Quality","CC BY-NC-ND 4.0"
"113391091@OBS","https://observation.org/photos/9999460/","StillImage","Rutger Rotscheid","Rutger Rotscheid","https://observation.org/photos/9999460.jpg","image/jpeg","Best Quality","CC BY-NC-ND 4.0"
"113394904@OBS","https://observation.org/photos/9999458/","StillImage","Cor de Jong","Cor de Jong","https://observation.org/photos/9999458.jpg","image/jpeg","Best Quality","All rights reserved"
"63345881@OBS","https://observation.org/photos/9999451/","StillImage","Raoul Beunen","Raoul Beunen","https://observation.org/photos/9999451.jpg","image/jpeg","Best Quality","CC BY-NC-ND 4.0"
"113371268@OBS","https://observation.org/photos/9999450/","StillImage","Toon van Haren","Toon van Haren","https://observation.org/photos/9999450.jpg","image/jpeg","Best Quality","CC BY-NC-ND 4.0"
"113394862@OBS","https://observation.org/photos/9999445/","StillImage","Martin olthoff","Martin olthoff","https://observation.org/photos/9999445.jpg","image/jpeg","Best Quality","CC BY-NC-ND 4.0"
"63345894@OBS","https://observation.org/photos/9999439/","StillImage","Raoul Beunen","Raoul Beunen","https://observation.org/photos/9999439.jpg","image/jpeg","Best Quality","CC BY-NC-ND 4.0"
"113394843@OBS","https://observation.org/photos/9999437/","StillImage","Michel Gieskens","Michel Gieskens","https://observation.org/photos/9999437.jpg","image/jpeg","Best Quality","CC BY-NC-ND 4.0"
"113394767@OBS","https://observation.org/photos/9999436/","StillImage","Cor de Jong","Cor de Jong","https://observation.org/photos/9999436.jpg","image/jpeg","Best Quality","All rights reserved"
"63345850@OBS","https://observation.org/photos/9999435/","StillImage","Raoul Beunen","Raoul Beunen","https://observation.org/photos/9999435.jpg","image/jpeg","Best Quality","CC BY-NC-ND 4.0"
"113394767@OBS","https://observation.org/photos/9999432/","StillImage","Cor de Jong","Cor de Jong","https://observation.org/photos/9999432.jpg","image/jpeg","Best Quality","All rights reserved"
"113394767@OBS","https://observation.org/photos/9999430/","StillImage","Cor de Jong","Cor de Jong","https://observation.org/photos/9999430.jpg","image/jpeg","Best Quality","All rights reserved"
"113394767@OBS","https://observation.org/photos/9999428/","StillImage","Cor de Jong","Cor de Jong","https://observation.org/photos/9999428.jpg","image/jpeg","Best Quality","All rights reserved"
"113283182@OBS","https://observation.org/photos/9999426/","StillImage","Frans van Antwerpen","Frans van Antwerpen","https://observation.org/photos/9999426.jpg","image/jpeg","Best Quality","CC BY-NC-ND 4.0"
"113283182@OBS","https://observation.org/photos/9999425/","StillImage","Frans van Antwerpen","Frans van Antwerpen","https://observation.org/photos/9999425.jpg","image/jpeg","Best Quality","CC BY-NC-ND 4.0"
"113283182@OBS","https://observation.org/photos/9999423/","StillImage","Frans van Antwerpen","Frans van Antwerpen","https://observation.org/photos/9999423.jpg","image/jpeg","Best Quality","CC BY-NC-ND 4.0"
"113394380@OBS","https://observation.org/photos/9999418/","StillImage","Harm Alberts","Harm Alberts","https://observation.org/photos/9999418.jpg","image/jpeg","Best Quality","CC BY-NC-ND 4.0"
"63345755@OBS","https://observation.org/photos/9999417/","StillImage","Raoul Beunen","Raoul Beunen","https://observation.org/photos/9999417.jpg","image/jpeg","Best Quality","CC BY-NC-ND 4.0"
"113394424@OBS","https://observation.org/photos/9999415/","StillImage","Bert Stegeman","Bert Stegeman","https://observation.org/photos/9999415.jpg","image/jpeg","Best Quality","CC BY-NC-ND 4.0"
"113394481@OBS","https://observation.org/photos/9999403/","StillImage","Toon Vernooij","Toon Vernooij","https://observation.org/photos/9999403.jpg","image/jpeg","Best Quality","CC BY-NC-ND 4.0"
"113394481@OBS","https://observation.org/photos/9999400/","StillImage","Toon Vernooij","Toon Vernooij","https://observation.org/photos/9999400.jpg","image/jpeg","Best Quality","CC BY-NC-ND 4.0"
"1723052@OBS","https://observation.org/photos/99993/","StillImage","Pim Frijling","Pim & Marianne","https://observation.org/photos/99993.jpg","image/jpeg","Best Quality","CC BY-NC-ND 4.0"
"113394406@OBS","https://observation.org/photos/9999398/","StillImage","Harm Alberts","Harm Alberts","https://observation.org/photos/9999398.jpg","image/jpeg","Best Quality","CC BY-NC-ND 4.0"
"113394390@OBS","https://observation.org/photos/9999396/","StillImage","Raoul Beunen","Raoul Beunen","https://observation.org/photos/9999396.jpg","image/jpeg","Best Quality","CC BY-NC-ND 4.0"
"113394328@OBS","https://observation.org/photos/9999391/","StillImage","Harm Alberts","Harm Alberts","https://observation.org/photos/9999391.jpg","image/jpeg","Best Quality","CC BY-NC-ND 4.0"
"63341534@OBS","https://observation.org/photos/9999385/","StillImage","Raoul Beunen","Raoul Beunen","https://observation.org/photos/9999385.jpg","image/jpeg","Best Quality","CC BY-NC-ND 4.0"
"113394301@OBS","https://observation.org/photos/9999384/","StillImage","Harm Alberts","Harm Alberts","https://observation.org/photos/9999384.jpg","image/jpeg","Best Quality","CC BY-NC-ND 4.0"
