"id","occurrenceID","catalogNumber","basisOfRecord","collectionCode","scientificName","taxonRank","kingdom","family","higherClassification","vernacularName","previousIdentifications","individualCount","lifeStage","sex","longitudeDecimal","latitudeDecimal","geodeticDatum","dataGeneralizations","coordinateUncertaintyInMeters","continent","country","countryCode","stateProvince","locality","habitat","recordedBy","eventID","eventDate","eventTime","samplingProtocol","behavior","associatedTaxa","references","rightsHolder","license","modified"
"999999@OBS","https://observation.org/observation/999999","OBS.999999","HumanObservation","Observations","Rorippa palustris","species","Plantae","Brassicaceae","Plantae|Brassicaceae","Marsh Yellow-cress",NA,1,"unknown","undetermined",6.75,52.1,"WGS84","WGS84 coordinates generalized with formula: `coord = floor(coord * 20) / 20`",5000,"Europe","The Netherlands","NL","Overijssel","Haaksbergerveen - Zuidwestelijk deel","",NA,NA,"1978-07-01","",NA,NA,NA,"https://data.biodiversitydata.nl/obsint/observation/OBS.999999","Stichting Natuurinformatie","CC BY-NC 4.0","2013/11/13"
"99999998@OBS","https://observation.org/observation/99999998","OBS.99999998","HumanObservation","Observations","Podiceps cristatus","species","Animalia","GREBES_PODICIPEDIDAE","Animalia|GREBES_PODICIPEDIDAE","Great Crested Grebe",NA,1,"unknown","undetermined",5.15,51.65,"WGS84","WGS84 coordinates generalized with formula: `coord = floor(coord * 20) / 20`",5000,"Europe","The Netherlands","NL","Noord-Brabant","Nieuwkuijk - Nieuwkuijksche Bos en Wiel","",NA,NA,"2015-03-14","14:26",NA,NA,NA,"https://data.biodiversitydata.nl/obsint/observation/OBS.99999998","Stichting Natuurinformatie","CC BY-NC 4.0","2015/03/14"
"99999997@OBS","https://observation.org/observation/99999997","OBS.99999997","HumanObservation","Observations","Parus major","species","Animalia","TITS_PARIDAE","Animalia|TITS_PARIDAE","Great Tit",NA,1,"unknown","undetermined",5.15,51.65,"WGS84","WGS84 coordinates generalized with formula: `coord = floor(coord * 20) / 20`",5000,"Europe","The Netherlands","NL","Noord-Brabant","Nieuwkuijk - Nieuwkuijksche Bos en Wiel","",NA,NA,"2015-03-14","14:27",NA,NA,NA,"https://data.biodiversitydata.nl/obsint/observation/OBS.99999997","Stichting Natuurinformatie","CC BY-NC 4.0","2015/03/14"
"99999995@OBS","https://observation.org/observation/99999995","OBS.99999995","HumanObservation","Observations","Parus major","species","Animalia","TITS_PARIDAE","Animalia|TITS_PARIDAE","Great Tit",NA,3,"unknown","undetermined",5.15,51.65,"WGS84","WGS84 coordinates generalized with formula: `coord = floor(coord * 20) / 20`",5000,"Europe","The Netherlands","NL","Noord-Brabant","Nieuwkuijk - Nieuwkuijksche Bos en Wiel","",NA,NA,"2015-03-14","14:32",NA,NA,NA,"https://data.biodiversitydata.nl/obsint/observation/OBS.99999995","Stichting Natuurinformatie","CC BY-NC 4.0","2015/03/14"
"99999991@OBS","https://observation.org/observation/99999991","OBS.99999991","HumanObservation","Observations","Cyanistes caeruleus","species","Animalia","TITS_PARIDAE","Animalia|TITS_PARIDAE","Eurasian Blue Tit",NA,1,"unknown","undetermined",5.15,51.65,"WGS84","WGS84 coordinates generalized with formula: `coord = floor(coord * 20) / 20`",5000,"Europe","The Netherlands","NL","Noord-Brabant","Nieuwkuijk - Nieuwkuijksche Bos en Wiel","",NA,NA,"2015-03-14","14:37",NA,NA,NA,"https://data.biodiversitydata.nl/obsint/observation/OBS.99999991","Stichting Natuurinformatie","CC BY-NC 4.0","2015/03/14"
"99999990@OBS","https://observation.org/observation/99999990","OBS.99999990","HumanObservation","Observations","Turdus merula","species","Animalia","THRUSHES_TURDIDAE","Animalia|THRUSHES_TURDIDAE","Common Blackbird",NA,3,"unknown","undetermined",5.15,51.65,"WGS84","WGS84 coordinates generalized with formula: `coord = floor(coord * 20) / 20`",5000,"Europe","The Netherlands","NL","Noord-Brabant","Nieuwkuijk - Nieuwkuijksche Bos en Wiel","",NA,NA,"2015-03-14","14:37",NA,NA,NA,"https://data.biodiversitydata.nl/obsint/observation/OBS.99999990","Stichting Natuurinformatie","CC BY-NC 4.0","2015/10/27"
"99999984@OBS","https://observation.org/observation/99999984","OBS.99999984","HumanObservation","Observations","Ardea cinerea","species","Animalia","HERONS_ARDEIDAE","Animalia|HERONS_ARDEIDAE","Grey Heron",NA,1,"unknown","undetermined",5.2,51.65,"WGS84","WGS84 coordinates generalized with formula: `coord = floor(coord * 20) / 20`",5000,"Europe","The Netherlands","NL","Noord-Brabant","Vlijmen - Vlijmens Ven","",NA,NA,"2015-03-14","14:45",NA,NA,NA,"https://data.biodiversitydata.nl/obsint/observation/OBS.99999984","Stichting Natuurinformatie","CC BY-NC 4.0","2015/03/14"
"99999983@OBS","https://observation.org/observation/99999983","OBS.99999983","HumanObservation","Observations","Oryctolagus cuniculus","species","Animalia","HARES_AND_RABBITS_LEPORIDAE","Animalia|HARES_AND_RABBITS_LEPORIDAE","European Rabbit",NA,1,"unknown","undetermined",5.2,51.65,"WGS84","WGS84 coordinates generalized with formula: `coord = floor(coord * 20) / 20`",5000,"Europe","The Netherlands","NL","Noord-Brabant","Vlijmen - Vlijmens Ven","",NA,NA,"2015-03-14","14:46",NA,NA,NA,"https://data.biodiversitydata.nl/obsint/observation/OBS.99999983","Stichting Natuurinformatie","CC BY-NC 4.0","2015/03/14"
"99999980@OBS","https://observation.org/observation/99999980","OBS.99999980","HumanObservation","Observations","Columba palumbus","species","Animalia","PIGEONS_AND_DOVES_COLUMBIDAE","Animalia|PIGEONS_AND_DOVES_COLUMBIDAE","Common Wood Pigeon",NA,2,"unknown","undetermined",5.2,51.65,"WGS84","WGS84 coordinates generalized with formula: `coord = floor(coord * 20) / 20`",5000,"Europe","The Netherlands","NL","Noord-Brabant","Vlijmen - Vliedberg","",NA,NA,"2015-03-14","14:49",NA,NA,NA,"https://data.biodiversitydata.nl/obsint/observation/OBS.99999980","Stichting Natuurinformatie","CC BY-NC 4.0","2015/03/14"
"99999975@OBS","https://observation.org/observation/99999975","OBS.99999975","HumanObservation","Observations","Oryctolagus cuniculus","species","Animalia","HARES_AND_RABBITS_LEPORIDAE","Animalia|HARES_AND_RABBITS_LEPORIDAE","European Rabbit",NA,2,"unknown","undetermined",5.2,51.65,"WGS84","WGS84 coordinates generalized with formula: `coord = floor(coord * 20) / 20`",5000,"Europe","The Netherlands","NL","Noord-Brabant","Vlijmen - Vliedberg","",NA,NA,"2015-03-14","14:52",NA,NA,NA,"https://data.biodiversitydata.nl/obsint/observation/OBS.99999975","Stichting Natuurinformatie","CC BY-NC 4.0","2015/03/14"
"99999971@OBS","https://observation.org/observation/99999971","OBS.99999971","HumanObservation","Observations","Oryctolagus cuniculus","species","Animalia","HARES_AND_RABBITS_LEPORIDAE","Animalia|HARES_AND_RABBITS_LEPORIDAE","European Rabbit",NA,4,"unknown","undetermined",5.2,51.65,"WGS84","WGS84 coordinates generalized with formula: `coord = floor(coord * 20) / 20`",5000,"Europe","The Netherlands","NL","Noord-Brabant","Vlijmen - Vliedberg","",NA,NA,"2015-03-14","14:56",NA,NA,NA,"https://data.biodiversitydata.nl/obsint/observation/OBS.99999971","Stichting Natuurinformatie","CC BY-NC 4.0","2015/03/14"
"99999967@OBS","https://observation.org/observation/99999967","OBS.99999967","HumanObservation","Observations","Turdus merula","species","Animalia","THRUSHES_TURDIDAE","Animalia|THRUSHES_TURDIDAE","Common Blackbird",NA,2,"unknown","undetermined",5.2,51.65,"WGS84","WGS84 coordinates generalized with formula: `coord = floor(coord * 20) / 20`",5000,"Europe","The Netherlands","NL","Noord-Brabant","Vlijmen - Vliedberg","",NA,NA,"2015-03-14","14:58",NA,NA,NA,"https://data.biodiversitydata.nl/obsint/observation/OBS.99999967","Stichting Natuurinformatie","CC BY-NC 4.0","2015/10/27"
"99999965@OBS","https://observation.org/observation/99999965","OBS.99999965","HumanObservation","Observations","Columba palumbus","species","Animalia","PIGEONS_AND_DOVES_COLUMBIDAE","Animalia|PIGEONS_AND_DOVES_COLUMBIDAE","Common Wood Pigeon",NA,1,"unknown","undetermined",5.2,51.65,"WGS84","WGS84 coordinates generalized with formula: `coord = floor(coord * 20) / 20`",5000,"Europe","The Netherlands","NL","Noord-Brabant","Vlijmen - Vliedberg","",NA,NA,"2015-03-14","14:58",NA,NA,NA,"https://data.biodiversitydata.nl/obsint/observation/OBS.99999965","Stichting Natuurinformatie","CC BY-NC 4.0","2015/03/14"
"99999964@OBS","https://observation.org/observation/99999964","OBS.99999964","HumanObservation","Observations","Ardea alba","species","Animalia","HERONS_ARDEIDAE","Animalia|HERONS_ARDEIDAE","Great Egret",NA,1,"unknown","undetermined",5.2,51.65,"WGS84","WGS84 coordinates generalized with formula: `coord = floor(coord * 20) / 20`",5000,"Europe","The Netherlands","NL","Noord-Brabant","Vlijmen - De Ham","",NA,NA,"2015-03-14","15:01",NA,NA,NA,"https://data.biodiversitydata.nl/obsint/observation/OBS.99999964","Stichting Natuurinformatie","CC BY-NC 4.0","2015/03/14"
"99999963@OBS","https://observation.org/observation/99999963","OBS.99999963","HumanObservation","Observations","Oryctolagus cuniculus","species","Animalia","HARES_AND_RABBITS_LEPORIDAE","Animalia|HARES_AND_RABBITS_LEPORIDAE","European Rabbit",NA,1,"unknown","undetermined",5.2,51.65,"WGS84","WGS84 coordinates generalized with formula: `coord = floor(coord * 20) / 20`",5000,"Europe","The Netherlands","NL","Noord-Brabant","Vlijmen - Vliedberg","",NA,NA,"2015-03-14","15:02",NA,NA,NA,"https://data.biodiversitydata.nl/obsint/observation/OBS.99999963","Stichting Natuurinformatie","CC BY-NC 4.0","2015/03/14"
"99999961@OBS","https://observation.org/observation/99999961","OBS.99999961","HumanObservation","Observations","Columba palumbus","species","Animalia","PIGEONS_AND_DOVES_COLUMBIDAE","Animalia|PIGEONS_AND_DOVES_COLUMBIDAE","Common Wood Pigeon",NA,5,"unknown","undetermined",5.2,51.65,"WGS84","WGS84 coordinates generalized with formula: `coord = floor(coord * 20) / 20`",5000,"Europe","The Netherlands","NL","Noord-Brabant","A59 - Vlijmen","",NA,NA,"2015-03-14","15:03",NA,NA,NA,"https://data.biodiversitydata.nl/obsint/observation/OBS.99999961","Stichting Natuurinformatie","CC BY-NC 4.0","2015/03/14"
"99999955@OBS","https://observation.org/observation/99999955","OBS.99999955","HumanObservation","Observations","Columba palumbus","species","Animalia","PIGEONS_AND_DOVES_COLUMBIDAE","Animalia|PIGEONS_AND_DOVES_COLUMBIDAE","Common Wood Pigeon",NA,1,"unknown","undetermined",5.2,51.65,"WGS84","WGS84 coordinates generalized with formula: `coord = floor(coord * 20) / 20`",5000,"Europe","The Netherlands","NL","Noord-Brabant","Vlijmen","",NA,NA,"2015-03-14","15:31",NA,NA,NA,"https://data.biodiversitydata.nl/obsint/observation/OBS.99999955","Stichting Natuurinformatie","CC BY-NC 4.0","2015/03/14"
"99999953@OBS","https://observation.org/observation/99999953","OBS.99999953","HumanObservation","Observations","Columba palumbus","species","Animalia","PIGEONS_AND_DOVES_COLUMBIDAE","Animalia|PIGEONS_AND_DOVES_COLUMBIDAE","Common Wood Pigeon",NA,1,"unknown","undetermined",5.2,51.65,"WGS84","WGS84 coordinates generalized with formula: `coord = floor(coord * 20) / 20`",5000,"Europe","The Netherlands","NL","Noord-Brabant","Vlijmen - Vliedberg","",NA,NA,"2015-03-14","15:32",NA,NA,NA,"https://data.biodiversitydata.nl/obsint/observation/OBS.99999953","Stichting Natuurinformatie","CC BY-NC 4.0","2015/03/14"
"99999949@OBS","https://observation.org/observation/99999949","OBS.99999949","HumanObservation","Observations","Turdus merula","species","Animalia","THRUSHES_TURDIDAE","Animalia|THRUSHES_TURDIDAE","Common Blackbird",NA,3,"unknown","undetermined",5.15,51.65,"WGS84","WGS84 coordinates generalized with formula: `coord = floor(coord * 20) / 20`",5000,"Europe","The Netherlands","NL","Noord-Brabant","Drunen","",NA,NA,"2015-03-14","15:38",NA,NA,NA,"https://data.biodiversitydata.nl/obsint/observation/OBS.99999949","Stichting Natuurinformatie","CC BY-NC 4.0","2015/03/14"
"99999943@OBS","https://observation.org/observation/99999943","OBS.99999943","HumanObservation","Observations","Coloeus monedula","species","Animalia","CROWS_AND_JAYS_CORVIDAE","Animalia|CROWS_AND_JAYS_CORVIDAE","Western Jackdaw",NA,2,"unknown","undetermined",5.1,51.65,"WGS84","WGS84 coordinates generalized with formula: `coord = floor(coord * 20) / 20`",5000,"Europe","The Netherlands","NL","Noord-Brabant","Drunen","",NA,NA,"2015-03-14","15:45",NA,NA,NA,"https://data.biodiversitydata.nl/obsint/observation/OBS.99999943","Stichting Natuurinformatie","CC BY-NC 4.0","2015/03/14"
"99999940@OBS","https://observation.org/observation/99999940","OBS.99999940","HumanObservation","Observations","Phalacrocorax carbo","species","Animalia","CORMORANTS_PHALACROCORACIDAE","Animalia|CORMORANTS_PHALACROCORACIDAE","Great Cormorant",NA,1,"unknown","undetermined",5.1,51.65,"WGS84","WGS84 coordinates generalized with formula: `coord = floor(coord * 20) / 20`",5000,"Europe","The Netherlands","NL","Noord-Brabant","Drongelens Kanaal - Margriet tot Waalwijk","",NA,NA,"2015-03-14","15:48",NA,NA,NA,"https://data.biodiversitydata.nl/obsint/observation/OBS.99999940","Stichting Natuurinformatie","CC BY-NC 4.0","2015/03/14"
"99999939@OBS","https://observation.org/observation/99999939","OBS.99999939","HumanObservation","Observations","Buteo buteo","species","Animalia","HAWKS_AND_EAGLES_ACCIPITRIDAE","Animalia|HAWKS_AND_EAGLES_ACCIPITRIDAE","Common Buzzard",NA,1,"unknown","undetermined",5.05,51.65,"WGS84","WGS84 coordinates generalized with formula: `coord = floor(coord * 20) / 20`",5000,"Europe","The Netherlands","NL","Noord-Brabant","Waalwijk - Lido","",NA,NA,"2015-03-14","15:49",NA,NA,NA,"https://data.biodiversitydata.nl/obsint/observation/OBS.99999939","Stichting Natuurinformatie","CC BY-NC 4.0","2015/03/14"
"99999937@OBS","https://observation.org/observation/99999937","OBS.99999937","HumanObservation","Observations","Chroicocephalus ridibundus","species","Animalia","GULLS_TERNS_AND_SKIMMERS_LARIDAE","Animalia|GULLS_TERNS_AND_SKIMMERS_LARIDAE","Black-headed Gull",NA,2,"unknown","undetermined",5.05,51.65,"WGS84","WGS84 coordinates generalized with formula: `coord = floor(coord * 20) / 20`",5000,"Europe","The Netherlands","NL","Noord-Brabant","Waalwijk","",NA,NA,"2015-03-14","15:50",NA,NA,NA,"https://data.biodiversitydata.nl/obsint/observation/OBS.99999937","Stichting Natuurinformatie","CC BY-NC 4.0","2015/03/14"
"99999936@OBS","https://observation.org/observation/99999936","OBS.99999936","HumanObservation","Observations","Coloeus monedula","species","Animalia","CROWS_AND_JAYS_CORVIDAE","Animalia|CROWS_AND_JAYS_CORVIDAE","Western Jackdaw",NA,1,"unknown","undetermined",5.05,51.65,"WGS84","WGS84 coordinates generalized with formula: `coord = floor(coord * 20) / 20`",5000,"Europe","The Netherlands","NL","Noord-Brabant","Waalwijk","",NA,NA,"2015-03-14","15:54",NA,NA,NA,"https://data.biodiversitydata.nl/obsint/observation/OBS.99999936","Stichting Natuurinformatie","CC BY-NC 4.0","2015/03/14"
"99999935@OBS","https://observation.org/observation/99999935","OBS.99999935","HumanObservation","Observations","Columba palumbus","species","Animalia","PIGEONS_AND_DOVES_COLUMBIDAE","Animalia|PIGEONS_AND_DOVES_COLUMBIDAE","Common Wood Pigeon",NA,1,"unknown","undetermined",5.05,51.65,"WGS84","WGS84 coordinates generalized with formula: `coord = floor(coord * 20) / 20`",5000,"Europe","The Netherlands","NL","Noord-Brabant","Waalwijk","",NA,NA,"2015-03-14","15:54",NA,NA,NA,"https://data.biodiversitydata.nl/obsint/observation/OBS.99999935","Stichting Natuurinformatie","CC BY-NC 4.0","2015/03/14"
"99999934@OBS","https://observation.org/observation/99999934","OBS.99999934","HumanObservation","Observations","Parus major","species","Animalia","TITS_PARIDAE","Animalia|TITS_PARIDAE","Great Tit",NA,2,"unknown","undetermined",5.05,51.65,"WGS84","WGS84 coordinates generalized with formula: `coord = floor(coord * 20) / 20`",5000,"Europe","The Netherlands","NL","Noord-Brabant","Waalwijk","",NA,NA,"2015-03-14","15:56",NA,NA,NA,"https://data.biodiversitydata.nl/obsint/observation/OBS.99999934","Stichting Natuurinformatie","CC BY-NC 4.0","2015/03/14"
"99999932@OBS","https://observation.org/observation/99999932","OBS.99999932","HumanObservation","Observations","Cygnus olor","species","Animalia","DUCKS_GEESE_AND_SWANS_ANATIDAE","Animalia|DUCKS_GEESE_AND_SWANS_ANATIDAE","Mute Swan",NA,2,"unknown","undetermined",5.05,51.65,"WGS84","WGS84 coordinates generalized with formula: `coord = floor(coord * 20) / 20`",5000,"Europe","The Netherlands","NL","Noord-Brabant","Waalwijk","",NA,NA,"2015-03-14","16:02",NA,NA,NA,"https://data.biodiversitydata.nl/obsint/observation/OBS.99999932","Stichting Natuurinformatie","CC BY-NC 4.0","2015/03/14"
"99999930@OBS","https://observation.org/observation/99999930","OBS.99999930","HumanObservation","Observations","Buteo buteo","species","Animalia","HAWKS_AND_EAGLES_ACCIPITRIDAE","Animalia|HAWKS_AND_EAGLES_ACCIPITRIDAE","Common Buzzard",NA,1,"unknown","undetermined",4.85,51.65,"WGS84","WGS84 coordinates generalized with formula: `coord = floor(coord * 20) / 20`",5000,"Europe","The Netherlands","NL","Noord-Brabant","A27 / A59 - Knooppunt Hooipolder","",NA,NA,"2015-03-14","16:17",NA,NA,NA,"https://data.biodiversitydata.nl/obsint/observation/OBS.99999930","Stichting Natuurinformatie","CC BY-NC 4.0","2015/03/14"
"99999928@OBS","https://observation.org/observation/99999928","OBS.99999928","HumanObservation","Observations","Buteo buteo","species","Animalia","HAWKS_AND_EAGLES_ACCIPITRIDAE","Animalia|HAWKS_AND_EAGLES_ACCIPITRIDAE","Common Buzzard",NA,1,"unknown","undetermined",4.85,51.7,"WGS84","WGS84 coordinates generalized with formula: `coord = floor(coord * 20) / 20`",5000,"Europe","The Netherlands","NL","Noord-Brabant","Raamsdonk - Nieuwe Hooipolder","",NA,NA,"2015-03-14","16:18",NA,NA,NA,"https://data.biodiversitydata.nl/obsint/observation/OBS.99999928","Stichting Natuurinformatie","CC BY-NC 4.0","2015/03/14"
"99999922@OBS","https://observation.org/observation/99999922","OBS.99999922","HumanObservation","Observations","Ardea alba","species","Animalia","HERONS_ARDEIDAE","Animalia|HERONS_ARDEIDAE","Great Egret",NA,1,"unknown","undetermined",4.95,51.9,"WGS84","WGS84 coordinates generalized with formula: `coord = floor(coord * 20) / 20`",5000,"Europe","The Netherlands","NL","Zuid-Holland","Noordeloos - Polder Botersloot","",NA,NA,"2015-03-14","16:33",NA,NA,NA,"https://data.biodiversitydata.nl/obsint/observation/OBS.99999922","Stichting Natuurinformatie","CC BY-NC 4.0","2015/03/14"
"99999921@OBS","https://observation.org/observation/99999921","OBS.99999921","HumanObservation","Observations","Ciconia ciconia","species","Animalia","STORKS_CICONIIDAE","Animalia|STORKS_CICONIIDAE","White Stork",NA,2,"unknown","undetermined",4.95,51.9,"WGS84","WGS84 coordinates generalized with formula: `coord = floor(coord * 20) / 20`",5000,"Europe","The Netherlands","NL","Utrecht","Meerkerk - Polder Middelbroek","",NA,NA,"2015-03-14","16:34",NA,NA,NA,"https://data.biodiversitydata.nl/obsint/observation/OBS.99999921","Stichting Natuurinformatie","CC BY-NC 4.0","2015/03/14"
"99999920@OBS","https://observation.org/observation/99999920","OBS.99999920","HumanObservation","Observations","Branta canadensis","species","Animalia","DUCKS_GEESE_AND_SWANS_ANATIDAE","Animalia|DUCKS_GEESE_AND_SWANS_ANATIDAE","Canada Goose",NA,6,"unknown","undetermined",4.95,51.9,"WGS84","WGS84 coordinates generalized with formula: `coord = floor(coord * 20) / 20`",5000,"Europe","The Netherlands","NL","Utrecht","Meerkerk - Polder Middelbroek","",NA,NA,"2015-03-14","16:35",NA,NA,NA,"https://data.biodiversitydata.nl/obsint/observation/OBS.99999920","Stichting Natuurinformatie","CC BY-NC 4.0","2015/03/14"
"99999919@OBS","https://observation.org/observation/99999919","OBS.99999919","HumanObservation","Observations","Phalacrocorax carbo","species","Animalia","CORMORANTS_PHALACROCORACIDAE","Animalia|CORMORANTS_PHALACROCORACIDAE","Great Cormorant",NA,1,"unknown","undetermined",5.1,52,"WGS84","WGS84 coordinates generalized with formula: `coord = floor(coord * 20) / 20`",5000,"Europe","The Netherlands","NL","Utrecht","A27 - Houten","",NA,NA,"2015-03-14","16:43",NA,NA,NA,"https://data.biodiversitydata.nl/obsint/observation/OBS.99999919","Stichting Natuurinformatie","CC BY-NC 4.0","2015/03/14"
"99999918@OBS","https://observation.org/observation/99999918","OBS.99999918","HumanObservation","Observations","Buteo buteo","species","Animalia","HAWKS_AND_EAGLES_ACCIPITRIDAE","Animalia|HAWKS_AND_EAGLES_ACCIPITRIDAE","Common Buzzard",NA,1,"unknown","undetermined",5.1,52.05,"WGS84","WGS84 coordinates generalized with formula: `coord = floor(coord * 20) / 20`",5000,"Europe","The Netherlands","NL","Utrecht","A12 / A27 - Knooppunt Lunetten","",NA,NA,"2015-03-14","16:47",NA,NA,NA,"https://data.biodiversitydata.nl/obsint/observation/OBS.99999918","Stichting Natuurinformatie","CC BY-NC 4.0","2015/03/14"
"99999917@OBS","https://observation.org/observation/99999917","OBS.99999917","HumanObservation","Observations","Buteo buteo","species","Animalia","HAWKS_AND_EAGLES_ACCIPITRIDAE","Animalia|HAWKS_AND_EAGLES_ACCIPITRIDAE","Common Buzzard",NA,1,"unknown","undetermined",5.15,52.15,"WGS84","WGS84 coordinates generalized with formula: `coord = floor(coord * 20) / 20`",5000,"Europe","The Netherlands","NL","Utrecht","A27 - Utrecht tot Hollandse Rading","",NA,NA,"2015-03-14","16:55",NA,NA,NA,"https://data.biodiversitydata.nl/obsint/observation/OBS.99999917","Stichting Natuurinformatie","CC BY-NC 4.0","2015/10/27"
"99999911@OBS","https://observation.org/observation/99999911","OBS.99999911","HumanObservation","Observations","Buteo buteo","species","Animalia","HAWKS_AND_EAGLES_ACCIPITRIDAE","Animalia|HAWKS_AND_EAGLES_ACCIPITRIDAE","Common Buzzard",NA,2,"unknown","undetermined",5.2,52.35,"WGS84","WGS84 coordinates generalized with formula: `coord = floor(coord * 20) / 20`",5000,"Europe","The Netherlands","NL","Flevoland","Almere","",NA,NA,"2015-03-14","17:17",NA,NA,NA,"https://data.biodiversitydata.nl/obsint/observation/OBS.99999911","Stichting Natuurinformatie","CC BY-NC 4.0","2015/03/14"
"99999910@OBS","https://observation.org/observation/99999910","OBS.99999910","HumanObservation","Observations","Riparia riparia","species","Animalia","SWALLOWS_HIRUNDINIDAE","Animalia|SWALLOWS_HIRUNDINIDAE","Sand Martin",NA,1,"unknown","undetermined",5,52.3,"WGS84","WGS84 coordinates generalized with formula: `coord = floor(coord * 20) / 20`",5000,"Europe","The Netherlands","NL","Noord-Holland","Muiden - Vijfhoek - Haven Ballast","",NA,NA,"2015-03-14","17:30",NA,NA,NA,"https://data.biodiversitydata.nl/obsint/observation/OBS.99999910","Stichting Natuurinformatie","CC BY-NC 4.0","2015/04/06"
"99999909@OBS","https://observation.org/observation/99999909","OBS.99999909","HumanObservation","Observations","Mareca penelope","species","Animalia","DUCKS_GEESE_AND_SWANS_ANATIDAE","Animalia|DUCKS_GEESE_AND_SWANS_ANATIDAE","Eurasian Wigeon",NA,10,"unknown","undetermined",5.25,51.5,"WGS84","WGS84 coordinates generalized with formula: `coord = floor(coord * 20) / 20`",5000,"Europe","The Netherlands","NL","Noord-Brabant","Kampina - Overstromingsvlakte van de Beerze ","little (lowland)rivers and peat streams",NA,NA,"2015-03-11","15:30",NA,NA,NA,"https://data.biodiversitydata.nl/obsint/observation/OBS.99999909","Stichting Natuurinformatie","CC BY-NC 4.0","2015/03/14"
"99999908@OBS","https://observation.org/observation/99999908","OBS.99999908","HumanObservation","Observations","Castor fiber","species","Animalia","BEAVERS_CASTORIDAE","Animalia|BEAVERS_CASTORIDAE","Eurasian Beaver",NA,1,"unknown","undetermined",5.75,51.05,"WGS84","WGS84 coordinates generalized with formula: `coord = floor(coord * 20) / 20`",5000,"Europe","The Netherlands","NL","Limburg","Illickhoven - Kink Ruitersdijk","",NA,NA,"2015-03-14","15:10",NA,NA,NA,"https://data.biodiversitydata.nl/obsint/observation/OBS.99999908","Stichting Natuurinformatie","CC BY-NC 4.0","2015/03/28"
"99999905@OBS","https://observation.org/observation/99999905","OBS.99999905","HumanObservation","Observations","Mergus merganser","species","Animalia","DUCKS_GEESE_AND_SWANS_ANATIDAE","Animalia|DUCKS_GEESE_AND_SWANS_ANATIDAE","Common Merganser",NA,1,"unknown","undetermined",5.95,51.85,"WGS84","WGS84 coordinates generalized with formula: `coord = floor(coord * 20) / 20`",5000,"Europe","The Netherlands","NL","Gelderland","Ooijpolder - Duffelt - Kaliwaal","",NA,NA,"2015-03-14","13:35",NA,NA,NA,"https://data.biodiversitydata.nl/obsint/observation/OBS.99999905","Stichting Natuurinformatie","CC BY-NC 4.0","2015/03/14"
"99999902@OBS","https://observation.org/observation/99999902","OBS.99999902","HumanObservation","Observations","Calidris alpina","species","Animalia","SANDPIPERS_AND_ALLIES_SCOLOPACIDAE","Animalia|SANDPIPERS_AND_ALLIES_SCOLOPACIDAE","Dunlin",NA,3,"unknown","undetermined",6.05,52.35,"WGS84","WGS84 coordinates generalized with formula: `coord = floor(coord * 20) / 20`",5000,"Europe","The Netherlands","NL","Gelderland","Veessen - Welsumerwaard noord","",NA,NA,"2015-03-14","14:00",NA,NA,NA,"https://data.biodiversitydata.nl/obsint/observation/OBS.99999902","Stichting Natuurinformatie","CC BY-NC 4.0","2015/03/14"
"99999901@OBS","https://observation.org/observation/99999901","OBS.99999901","HumanObservation","Observations","Spheniscus demersus","species","Animalia","PENGUINS_SPHENISCIDAE","Animalia|PENGUINS_SPHENISCIDAE","African Penguin",NA,10,"unknown","undetermined",18.4538412453,-34.1977673408,"WGS84","",10,"Africa","South Africa","ZA","","South Africa - Simonstown - Boulders Beach","",NA,NA,"2015-02-21","",NA,NA,NA,"https://data.biodiversitydata.nl/obsint/observation/OBS.99999901","Stichting Natuurinformatie","CC BY-NC 4.0","2015/03/14"
"999998@OBS","https://observation.org/observation/999998","OBS.999998","HumanObservation","Observations","Ranunculus repens","species","Plantae","RANUNCULACEAE","Plantae|RANUNCULACEAE","Creeping Buttercup",NA,1,"unknown","undetermined",6.75,52.1,"WGS84","WGS84 coordinates generalized with formula: `coord = floor(coord * 20) / 20`",5000,"Europe","The Netherlands","NL","Overijssel","Haaksbergerveen - Zuidwestelijk deel","",NA,NA,"1978-07-01","",NA,NA,NA,"https://data.biodiversitydata.nl/obsint/observation/OBS.999998","Stichting Natuurinformatie","CC BY-NC 4.0","2013/11/13"
"99999896@OBS","https://observation.org/observation/99999896","OBS.99999896","HumanObservation","Observations","Neophron percnopterus majorensis","subspecies","Animalia","HAWKS_AND_EAGLES_ACCIPITRIDAE","Animalia|HAWKS_AND_EAGLES_ACCIPITRIDAE","Egyptian Vulture ssp majorensis",NA,2,"unknown","undetermined",-13.8704716048,28.3998577366,"WGS84","",1000,"Europe","Spain","ES","","Spain - Fuerteventura ","",NA,NA,"2015-03-11","15:33",NA,NA,NA,"https://data.biodiversitydata.nl/obsint/observation/OBS.99999896","Stichting Natuurinformatie","CC BY-NC 4.0","2019/02/24"
"99999891@OBS","https://observation.org/observation/99999891","OBS.99999891","HumanObservation","Observations","Recurvirostra avosetta","species","Animalia","STILTS_AND_AVOCETS_RECURVIROSTRIDAE","Animalia|STILTS_AND_AVOCETS_RECURVIROSTRIDAE","Pied Avocet",NA,2,"unknown","undetermined",5.6,53.3,"WGS84","WGS84 coordinates generalized with formula: `coord = floor(coord * 20) / 20`",5000,"Europe","The Netherlands","NL","Friesland","Ferwert - Buitendijks","",NA,NA,"2015-03-14","12:45",NA,NA,NA,"https://data.biodiversitydata.nl/obsint/observation/OBS.99999891","Stichting Natuurinformatie","CC BY-NC 4.0","2015/03/14"
"99999888@OBS","https://observation.org/observation/99999888","OBS.99999888","HumanObservation","Observations","Bostrychia hagedash","species","Animalia","IBISSES_AND_SPOONBILLS_THRESKIORNITHIDAE","Animalia|IBISSES_AND_SPOONBILLS_THRESKIORNITHIDAE","Hadada Ibis",NA,1,"unknown","undetermined",18.4620669363,-34.2103193954,"WGS84","",100,"Africa","South Africa","ZA","","South Africa - Simonstown","",NA,NA,"2015-02-21","",NA,NA,NA,"https://data.biodiversitydata.nl/obsint/observation/OBS.99999888","Stichting Natuurinformatie","CC BY-NC 4.0","2015/03/14"
"99999885@OBS","https://observation.org/observation/99999885","OBS.99999885","HumanObservation","Observations","Dendrocopos major","species","Animalia","WOODPECKERS_PICIDAE","Animalia|WOODPECKERS_PICIDAE","Great Spotted Woodpecker",NA,1,"unknown","undetermined",5.25,51.5,"WGS84","WGS84 coordinates generalized with formula: `coord = floor(coord * 20) / 20`",5000,"Europe","The Netherlands","NL","Noord-Brabant","Boxtel - Scheieind","",NA,NA,"2015-03-11","15:00",NA,NA,NA,"https://data.biodiversitydata.nl/obsint/observation/OBS.99999885","Stichting Natuurinformatie","CC BY-NC 4.0","2015/03/14"
"99999884@OBS","https://observation.org/observation/99999884","OBS.99999884","HumanObservation","Observations","Dama dama","species","Animalia","DEER_CERVIDAE","Animalia|DEER_CERVIDAE","Fallow Deer",NA,5,"unknown","undetermined",4.55,52.4,"WGS84","WGS84 coordinates generalized with formula: `coord = floor(coord * 20) / 20`",5000,"Europe","The Netherlands","NL","Noord-Holland","Nationaal Park Zuid-Kennemerland - Midden Heerenduin","",NA,NA,"2015-03-14","",NA,NA,NA,"https://data.biodiversitydata.nl/obsint/observation/OBS.99999884","Stichting Natuurinformatie","CC BY-NC 4.0","2015/03/14"
"99999877@OBS","https://observation.org/observation/99999877","OBS.99999877","HumanObservation","Observations","Mergus merganser","species","Animalia","DUCKS_GEESE_AND_SWANS_ANATIDAE","Animalia|DUCKS_GEESE_AND_SWANS_ANATIDAE","Common Merganser",NA,2,"unknown","undetermined",4.6,52.4,"WGS84","WGS84 coordinates generalized with formula: `coord = floor(coord * 20) / 20`",5000,"Europe","The Netherlands","NL","Noord-Holland","Nationaal Park Zuid-Kennemerland - Heerenduinen","",NA,NA,"2015-03-14","",NA,NA,NA,"https://data.biodiversitydata.nl/obsint/observation/OBS.99999877","Stichting Natuurinformatie","CC BY-NC 4.0","2015/03/17"
"99999876@OBS","https://observation.org/observation/99999876","OBS.99999876","HumanObservation","Observations","Cerapteryx graminis","species","Animalia","Noctuidae","Animalia|Noctuidae","Antler Moth",NA,1,"imago","undetermined",6.2,53.35,"WGS84","WGS84 coordinates generalized with formula: `coord = floor(coord * 20) / 20`",5000,"Europe","The Netherlands","NL","Groningen","Lauwersmeer - Ballastplaatbos","",NA,NA,"2014-06-20","",NA,NA,NA,"https://data.biodiversitydata.nl/obsint/observation/OBS.99999876","Stichting Natuurinformatie","CC BY-NC 4.0","2018/07/02"
"99999874@OBS","https://observation.org/observation/99999874","OBS.99999874","HumanObservation","Observations","Hirundo rustica","species","Animalia","SWALLOWS_HIRUNDINIDAE","Animalia|SWALLOWS_HIRUNDINIDAE","Barn Swallow",NA,1,"adult breeding","undetermined",4.7,52,"WGS84","WGS84 coordinates generalized with formula: `coord = floor(coord * 20) / 20`",5000,"Europe","The Netherlands","NL","Zuid-Holland","Gouda - Goudse Hout","",NA,NA,"2015-03-14","16:20",NA,NA,NA,"https://data.biodiversitydata.nl/obsint/observation/OBS.99999874","Stichting Natuurinformatie","CC BY-NC 4.0","2015/03/15"
"99999868@OBS","https://observation.org/observation/99999868","OBS.99999868","HumanObservation","Observations","Phalacrocorax carbo","species","Animalia","CORMORANTS_PHALACROCORACIDAE","Animalia|CORMORANTS_PHALACROCORACIDAE","Great Cormorant",NA,2,"unknown","undetermined",5.05,51.7,"WGS84","WGS84 coordinates generalized with formula: `coord = floor(coord * 20) / 20`",5000,"Europe","The Netherlands","NL","Noord-Brabant","Drongelens Kanaal - Waalwijk tot Maas","",NA,NA,"2015-03-14","15:50",NA,NA,NA,"https://data.biodiversitydata.nl/obsint/observation/OBS.99999868","Stichting Natuurinformatie","CC BY-NC 4.0","2015/03/14"
"99999866@OBS","https://observation.org/observation/99999866","OBS.99999866","HumanObservation","Observations","Timoclea ovata","species","Animalia","VENERIDAE","Animalia|VENERIDAE","Oval venus",NA,1,"empty shell or single valve","undetermined",3.7,51.4,"WGS84","WGS84 coordinates generalized with formula: `coord = floor(coord * 20) / 20`",5000,"Europe","The Netherlands","NL","Zeeland","Borssele - Kaloot / Oostelijke Sloehavendam ","",NA,NA,"2015-02-28","",NA,NA,NA,"https://data.biodiversitydata.nl/obsint/observation/OBS.99999866","Stichting Natuurinformatie","CC BY-NC 4.0","2015/03/14"
"99999864@OBS","https://observation.org/observation/99999864","OBS.99999864","HumanObservation","Observations","Vanessa cardui","species","Animalia","BRUSHFOOTED_BUTTERFLIES_NYMPHALIDAE","Animalia|BRUSHFOOTED_BUTTERFLIES_NYMPHALIDAE","Painted Lady",NA,1,"imago","undetermined",-13.8664767904,28.4027842754,"WGS84","",100,"Europe","Spain","ES","","Spain - Fuerteventura ","",NA,NA,"2015-03-12","10:28",NA,NA,NA,"https://data.biodiversitydata.nl/obsint/observation/OBS.99999864","Stichting Natuurinformatie","CC BY-NC 4.0","2017/08/12"
"99999861@OBS","https://observation.org/observation/99999861","OBS.99999861","HumanObservation","Observations","Podiceps cristatus","species","Animalia","GREBES_PODICIPEDIDAE","Animalia|GREBES_PODICIPEDIDAE","Great Crested Grebe",NA,2,"unknown","undetermined",5.05,51.7,"WGS84","WGS84 coordinates generalized with formula: `coord = floor(coord * 20) / 20`",5000,"Europe","The Netherlands","NL","Noord-Brabant","Drongelens Kanaal - Waalwijk tot Maas","",NA,NA,"2015-03-14","15:50",NA,NA,NA,"https://data.biodiversitydata.nl/obsint/observation/OBS.99999861","Stichting Natuurinformatie","CC BY-NC 4.0","2015/03/14"
"99999860@OBS","https://observation.org/observation/99999860","OBS.99999860","HumanObservation","Observations","Galerida cristata","species","Animalia","LARKS_ALAUDIDAE","Animalia|LARKS_ALAUDIDAE","Crested Lark",NA,1,"unknown","undetermined",1.56277701259,50.4128656101,"WGS84","",100,"Europe","France","FR","","France - Berck","",NA,NA,"2015-03-14","",NA,NA,NA,"https://data.biodiversitydata.nl/obsint/observation/OBS.99999860","Stichting Natuurinformatie","CC BY-NC 4.0","2015/03/14"
"99999856@OBS","https://observation.org/observation/99999856","OBS.99999856","HumanObservation","Observations","Anser albifrons","species","Animalia","DUCKS_GEESE_AND_SWANS_ANATIDAE","Animalia|DUCKS_GEESE_AND_SWANS_ANATIDAE","Greater White-fronted Goose",NA,124,"unknown","undetermined",5.25,51.5,"WGS84","WGS84 coordinates generalized with formula: `coord = floor(coord * 20) / 20`",5000,"Europe","The Netherlands","NL","Noord-Brabant","Kampina - Overstromingsvlakte van de Beerze ","little (lowland)rivers and peat streams",NA,NA,"2015-03-11","15:15",NA,NA,NA,"https://data.biodiversitydata.nl/obsint/observation/OBS.99999856","Stichting Natuurinformatie","CC BY-NC 4.0","2015/03/14"
"99999843@OBS","https://observation.org/observation/99999843","OBS.99999843","HumanObservation","Observations","Phalacrocorax carbo","species","Animalia","CORMORANTS_PHALACROCORACIDAE","Animalia|CORMORANTS_PHALACROCORACIDAE","Great Cormorant",NA,5,"unknown","undetermined",5.05,51.7,"WGS84","WGS84 coordinates generalized with formula: `coord = floor(coord * 20) / 20`",5000,"Europe","The Netherlands","NL","Noord-Brabant","Waalwijk - Rioolwaterzuivering en plas","",NA,NA,"2015-03-14","15:40",NA,NA,NA,"https://data.biodiversitydata.nl/obsint/observation/OBS.99999843","Stichting Natuurinformatie","CC BY-NC 4.0","2015/03/14"
"99999840@OBS","https://observation.org/observation/99999840","OBS.99999840","HumanObservation","Observations","Mareca strepera","species","Animalia","DUCKS_GEESE_AND_SWANS_ANATIDAE","Animalia|DUCKS_GEESE_AND_SWANS_ANATIDAE","Gadwall",NA,6,"unknown","undetermined",5.25,51.5,"WGS84","WGS84 coordinates generalized with formula: `coord = floor(coord * 20) / 20`",5000,"Europe","The Netherlands","NL","Noord-Brabant","Kampina - Overstromingsvlakte van de Beerze ","little (lowland)rivers and peat streams",NA,NA,"2015-03-11","15:15",NA,NA,NA,"https://data.biodiversitydata.nl/obsint/observation/OBS.99999840","Stichting Natuurinformatie","CC BY-NC 4.0","2015/03/14"
"99999837@OBS","https://observation.org/observation/99999837","OBS.99999837","HumanObservation","Observations","Lamium purpureum","species","Plantae","Lamiaceae","Plantae|Lamiaceae","Red Dead-nettle",NA,5,"flowering","undetermined",5.05,51.55,"WGS84","WGS84 coordinates generalized with formula: `coord = floor(coord * 20) / 20`",5000,"Europe","The Netherlands","NL","Noord-Brabant","Tilburg - Korvel","inner cities and residential areas",NA,NA,"2015-03-14","",NA,NA,NA,"https://data.biodiversitydata.nl/obsint/observation/OBS.99999837","Stichting Natuurinformatie","CC BY-NC 4.0","2015/03/14"
"99999836@OBS","https://observation.org/observation/99999836","OBS.99999836","HumanObservation","Observations","Phoca vitulina","species","Animalia","SEALS_PHOCIDAE","Animalia|SEALS_PHOCIDAE","Harbour Seal",NA,1,"unknown","undetermined",4.5,52.45,"WGS84","WGS84 coordinates generalized with formula: `coord = floor(coord * 20) / 20`",5000,"Europe","The Netherlands","NL","Noord-Holland","IJmuiden - Noordzee","",NA,NA,"2015-03-14","",NA,NA,NA,"https://data.biodiversitydata.nl/obsint/observation/OBS.99999836","Stichting Natuurinformatie","CC BY-NC 4.0","2015/03/14"
"99999834@OBS","https://observation.org/observation/99999834","OBS.99999834","HumanObservation","Observations","Anthus berthelotii","species","Animalia","PIPITS_EN_WAGTAILS_MOTACILLIDAE","Animalia|PIPITS_EN_WAGTAILS_MOTACILLIDAE","Berthelot's Pipit",NA,1,"unknown","undetermined",-13.8615200675,28.3908925374,"WGS84","",100,"Europe","Spain","ES","","Spain - Fuerteventura ","",NA,NA,"2015-03-12","08:14",NA,NA,NA,"https://data.biodiversitydata.nl/obsint/observation/OBS.99999834","Stichting Natuurinformatie","CC BY-NC 4.0","2015/03/14"
"99999830@OBS","https://observation.org/observation/99999830","OBS.99999830","HumanObservation","Observations","Anas crecca","species","Animalia","DUCKS_GEESE_AND_SWANS_ANATIDAE","Animalia|DUCKS_GEESE_AND_SWANS_ANATIDAE","Eurasian Teal",NA,40,"unknown","undetermined",5.25,51.5,"WGS84","WGS84 coordinates generalized with formula: `coord = floor(coord * 20) / 20`",5000,"Europe","The Netherlands","NL","Noord-Brabant","Kampina - Overstromingsvlakte van de Beerze ","little (lowland)rivers and peat streams",NA,NA,"2015-03-11","15:15",NA,NA,NA,"https://data.biodiversitydata.nl/obsint/observation/OBS.99999830","Stichting Natuurinformatie","CC BY-NC 4.0","2015/03/14"
"99999818@OBS","https://observation.org/observation/99999818","OBS.99999818","HumanObservation","Observations","Phoenicopterus roseus","species","Animalia","FLAMINGOS_PHOENICOPTERIDAE","Animalia|FLAMINGOS_PHOENICOPTERIDAE","Greater Flamingo",NA,4,"subadult","undetermined",4.4,52.1,"WGS84","WGS84 coordinates generalized with formula: `coord = floor(coord * 20) / 20`",5000,"Europe","The Netherlands","NL","Zuid-Holland","Leidschendam - Vogelplas Starrevaart","",NA,NA,"2015-03-14","15:40",NA,NA,NA,"https://data.biodiversitydata.nl/obsint/observation/OBS.99999818","Stichting Natuurinformatie","CC BY-NC 4.0","2015/06/26"
"99999811@OBS","https://observation.org/observation/99999811","OBS.99999811","HumanObservation","Observations","Ardea alba","species","Animalia","HERONS_ARDEIDAE","Animalia|HERONS_ARDEIDAE","Great Egret",NA,1,"unknown","undetermined",6.15,53.3,"WGS84","WGS84 coordinates generalized with formula: `coord = floor(coord * 20) / 20`",5000,"Europe","The Netherlands","NL","Friesland","Lauwersmeer - Ezumakeeg Zuid","",NA,NA,"2015-03-14","16:00",NA,NA,NA,"https://data.biodiversitydata.nl/obsint/observation/OBS.99999811","Stichting Natuurinformatie","CC BY-NC 4.0","2015/03/14"
"99999807@OBS","https://observation.org/observation/99999807","OBS.99999807","HumanObservation","Observations","Arenaria interpres","species","Animalia","SANDPIPERS_AND_ALLIES_SCOLOPACIDAE","Animalia|SANDPIPERS_AND_ALLIES_SCOLOPACIDAE","Ruddy Turnstone",NA,1,"unknown","undetermined",-13.8590095199,28.3917608681,"WGS84","",10,"Europe","Spain","ES","","Spain - Fuerteventura ","",NA,NA,"2015-03-12","07:48",NA,NA,NA,"https://data.biodiversitydata.nl/obsint/observation/OBS.99999807","Stichting Natuurinformatie","CC BY-NC 4.0","2015/03/14"
"99999805@OBS","https://observation.org/observation/99999805","OBS.99999805","HumanObservation","Observations","Anas acuta","species","Animalia","DUCKS_GEESE_AND_SWANS_ANATIDAE","Animalia|DUCKS_GEESE_AND_SWANS_ANATIDAE","Northern Pintail",NA,100,"unknown","undetermined",6.15,53.3,"WGS84","WGS84 coordinates generalized with formula: `coord = floor(coord * 20) / 20`",5000,"Europe","The Netherlands","NL","Friesland","Lauwersmeer - Ezumakeeg Zuid","",NA,NA,"2015-03-14","16:00",NA,NA,NA,"https://data.biodiversitydata.nl/obsint/observation/OBS.99999805","Stichting Natuurinformatie","CC BY-NC 4.0","2015/03/14"
"99999802@OBS","https://observation.org/observation/99999802","OBS.99999802","HumanObservation","Observations","Ardea cinerea","species","Animalia","HERONS_ARDEIDAE","Animalia|HERONS_ARDEIDAE","Grey Heron",NA,1,"unknown","undetermined",5.05,51.7,"WGS84","WGS84 coordinates generalized with formula: `coord = floor(coord * 20) / 20`",5000,"Europe","The Netherlands","NL","Noord-Brabant","Waalwijk - Buitenpolder van Baardwijk","",NA,NA,"2015-03-14","15:25",NA,NA,NA,"https://data.biodiversitydata.nl/obsint/observation/OBS.99999802","Stichting Natuurinformatie","CC BY-NC 4.0","2015/03/14"
"99999801@OBS","https://observation.org/observation/99999801","OBS.99999801","HumanObservation","Observations","Mergus merganser","species","Animalia","DUCKS_GEESE_AND_SWANS_ANATIDAE","Animalia|DUCKS_GEESE_AND_SWANS_ANATIDAE","Common Merganser",NA,4,"unknown","undetermined",5.85,52.5,"WGS84","WGS84 coordinates generalized with formula: `coord = floor(coord * 20) / 20`",5000,"Europe","The Netherlands","NL","Flevoland","Vossemeer - Roggebotssluis NW","",NA,NA,"2015-03-13","",NA,NA,NA,"https://data.biodiversitydata.nl/obsint/observation/OBS.99999801","Stichting Natuurinformatie","CC BY-NC 4.0","2015/03/14"
"999997@OBS","https://observation.org/observation/999997","OBS.999997","HumanObservation","Observations","Ranunculus flammula","species","Plantae","RANUNCULACEAE","Plantae|RANUNCULACEAE","Lesser Spearwort",NA,1,"unknown","undetermined",6.75,52.1,"WGS84","WGS84 coordinates generalized with formula: `coord = floor(coord * 20) / 20`",5000,"Europe","The Netherlands","NL","Overijssel","Haaksbergerveen - Zuidwestelijk deel","",NA,NA,"1978-07-01","",NA,NA,NA,"https://data.biodiversitydata.nl/obsint/observation/OBS.999997","Stichting Natuurinformatie","CC BY-NC 4.0","2013/11/13"
"99999798@OBS","https://observation.org/observation/99999798","OBS.99999798","HumanObservation","Observations","Limosa limosa","species","Animalia","SANDPIPERS_AND_ALLIES_SCOLOPACIDAE","Animalia|SANDPIPERS_AND_ALLIES_SCOLOPACIDAE","Black-tailed Godwit",NA,55,"unknown","undetermined",6.15,53.3,"WGS84","WGS84 coordinates generalized with formula: `coord = floor(coord * 20) / 20`",5000,"Europe","The Netherlands","NL","Friesland","Lauwersmeer - Ezumakeeg Zuid","",NA,NA,"2015-03-14","16:00",NA,NA,NA,"https://data.biodiversitydata.nl/obsint/observation/OBS.99999798","Stichting Natuurinformatie","CC BY-NC 4.0","2015/03/14"
"99999797@OBS","https://observation.org/observation/99999797","OBS.99999797","HumanObservation","Observations","Phalacrocorax carbo","species","Animalia","CORMORANTS_PHALACROCORACIDAE","Animalia|CORMORANTS_PHALACROCORACIDAE","Great Cormorant",NA,1,"unknown","undetermined",5.05,51.7,"WGS84","WGS84 coordinates generalized with formula: `coord = floor(coord * 20) / 20`",5000,"Europe","The Netherlands","NL","Noord-Brabant","Waalwijk - Buitenpolder van Baardwijk","",NA,NA,"2015-03-14","15:25",NA,NA,NA,"https://data.biodiversitydata.nl/obsint/observation/OBS.99999797","Stichting Natuurinformatie","CC BY-NC 4.0","2015/03/14"
"99999795@OBS","https://observation.org/observation/99999795","OBS.99999795","HumanObservation","Observations","Charadrius hiaticula","species","Animalia","PLOVERS_CHARADRIIDAE","Animalia|PLOVERS_CHARADRIIDAE","Common Ringed Plover",NA,2,"unknown","undetermined",-13.8591168082,28.3917608681,"WGS84","",10,"Europe","Spain","ES","","Spain - Fuerteventura ","",NA,NA,"2015-03-12","07:46",NA,NA,NA,"https://data.biodiversitydata.nl/obsint/observation/OBS.99999795","Stichting Natuurinformatie","CC BY-NC 4.0","2015/12/20"
"99999789@OBS","https://observation.org/observation/99999789","OBS.99999789","HumanObservation","Observations","Tringa flavipes","species","Animalia","SANDPIPERS_AND_ALLIES_SCOLOPACIDAE","Animalia|SANDPIPERS_AND_ALLIES_SCOLOPACIDAE","Lesser Yellowlegs",NA,1,"unknown","undetermined",5.25,51.9,"WGS84","WGS84 coordinates generalized with formula: `coord = floor(coord * 20) / 20`",5000,"Europe","The Netherlands","NL","Gelderland","Tricht - De Regulieren","",NA,NA,"2015-03-14","10:09",NA,NA,NA,"https://data.biodiversitydata.nl/obsint/observation/OBS.99999789","Stichting Natuurinformatie","CC BY-NC 4.0","2016/02/01"
"99999786@OBS","https://observation.org/observation/99999786","OBS.99999786","HumanObservation","Observations","Timoclea ovata","species","Animalia","VENERIDAE","Animalia|VENERIDAE","Oval venus",NA,1,"empty shell or single valve","undetermined",3.7,51.4,"WGS84","WGS84 coordinates generalized with formula: `coord = floor(coord * 20) / 20`",5000,"Europe","The Netherlands","NL","Zeeland","Borssele - Kaloot / Oostelijke Sloehavendam ","",NA,NA,"2015-02-28","",NA,NA,NA,"https://data.biodiversitydata.nl/obsint/observation/OBS.99999786","Stichting Natuurinformatie","CC BY-NC 4.0","2015/03/14"
"99999783@OBS","https://observation.org/observation/99999783","OBS.99999783","HumanObservation","Observations","Actitis hypoleucos","species","Animalia","SANDPIPERS_AND_ALLIES_SCOLOPACIDAE","Animalia|SANDPIPERS_AND_ALLIES_SCOLOPACIDAE","Common Sandpiper",NA,1,"unknown","undetermined",-13.8591382659,28.3918174981,"WGS84","",10,"Europe","Spain","ES","","Spain - Fuerteventura ","",NA,NA,"2015-03-12","07:46",NA,NA,NA,"https://data.biodiversitydata.nl/obsint/observation/OBS.99999783","Stichting Natuurinformatie","CC BY-NC 4.0","2015/03/14"
"99999780@OBS","https://observation.org/observation/99999780","OBS.99999780","HumanObservation","Observations","Castor fiber","species","Animalia","BEAVERS_CASTORIDAE","Animalia|BEAVERS_CASTORIDAE","Eurasian Beaver",NA,1,"unknown","undetermined",5.8,51,"WGS84","WGS84 coordinates generalized with formula: `coord = floor(coord * 20) / 20`",5000,"Europe","The Netherlands","NL","Limburg","Born - Sluis Julianakanaal","",NA,NA,"2015-03-14","16:00",NA,NA,NA,"https://data.biodiversitydata.nl/obsint/observation/OBS.99999780","Stichting Natuurinformatie","CC BY-NC 4.0","2015/03/28"
"99999779@OBS","https://observation.org/observation/99999779","OBS.99999779","HumanObservation","Observations","Gallinula chloropus","species","Animalia","RAILS_RALLIDAE","Animalia|RAILS_RALLIDAE","Common Moorhen",NA,1,"unknown","undetermined",5.05,51.7,"WGS84","WGS84 coordinates generalized with formula: `coord = floor(coord * 20) / 20`",5000,"Europe","The Netherlands","NL","Noord-Brabant","Waalwijk - Buitenpolder van Baardwijk","",NA,NA,"2015-03-14","15:25",NA,NA,NA,"https://data.biodiversitydata.nl/obsint/observation/OBS.99999779","Stichting Natuurinformatie","CC BY-NC 4.0","2015/03/30"
"99999768@OBS","https://observation.org/observation/99999768","OBS.99999768","HumanObservation","Observations","Motacilla alba","species","Animalia","PIPITS_EN_WAGTAILS_MOTACILLIDAE","Animalia|PIPITS_EN_WAGTAILS_MOTACILLIDAE","White Wagtail",NA,2,"unknown","undetermined",4.95,52.35,"WGS84","WGS84 coordinates generalized with formula: `coord = floor(coord * 20) / 20`",5000,"Europe","The Netherlands","NL","Noord-Holland","Amsterdam - Science Park","",NA,NA,"2015-03-14","",NA,NA,NA,"https://data.biodiversitydata.nl/obsint/observation/OBS.99999768","Stichting Natuurinformatie","CC BY-NC 4.0","2015/03/14"
"99999765@OBS","https://observation.org/observation/99999765","OBS.99999765","HumanObservation","Observations","Numenius phaeopus","species","Animalia","SANDPIPERS_AND_ALLIES_SCOLOPACIDAE","Animalia|SANDPIPERS_AND_ALLIES_SCOLOPACIDAE","Eurasian Whimbrel",NA,1,"unknown","undetermined",-13.8596244169,28.3918403065,"WGS84","",100,"Europe","Spain","ES","","Spain - Fuerteventura ","",NA,NA,"2015-03-12","07:30",NA,NA,NA,"https://data.biodiversitydata.nl/obsint/observation/OBS.99999765","Stichting Natuurinformatie","CC BY-NC 4.0","2015/03/14"
"99999761@OBS","https://observation.org/observation/99999761","OBS.99999761","HumanObservation","Observations","Garrulus glandarius","species","Animalia","CROWS_AND_JAYS_CORVIDAE","Animalia|CROWS_AND_JAYS_CORVIDAE","Eurasian Jay",NA,1,"unknown","undetermined",5.6,51.45,"WGS84","WGS84 coordinates generalized with formula: `coord = floor(coord * 20) / 20`",5000,"Europe","The Netherlands","NL","Noord-Brabant","Helmond - Warande e.o.","",NA,NA,"2015-03-12","",NA,NA,NA,"https://data.biodiversitydata.nl/obsint/observation/OBS.99999761","Stichting Natuurinformatie","CC BY-NC 4.0","2015/03/14"
"99999759@OBS","https://observation.org/observation/99999759","OBS.99999759","HumanObservation","Observations","Castor fiber","species","Animalia","BEAVERS_CASTORIDAE","Animalia|BEAVERS_CASTORIDAE","Eurasian Beaver",NA,1,"unknown","undetermined",5.8,51.05,"WGS84","WGS84 coordinates generalized with formula: `coord = floor(coord * 20) / 20`",5000,"Europe","The Netherlands","NL","Limburg","Susteren - KÃ¶rbusch","",NA,NA,"2015-03-14","14:45",NA,NA,NA,"https://data.biodiversitydata.nl/obsint/observation/OBS.99999759","Stichting Natuurinformatie","CC BY-NC 4.0","2015/03/28"
"99999757@OBS","https://observation.org/observation/99999757","OBS.99999757","HumanObservation","Observations","Ectropis crepuscularia","species","Animalia","Geometridae","Animalia|Geometridae","Small Engrailed",NA,1,"imago","undetermined",5,51.6,"WGS84","WGS84 coordinates generalized with formula: `coord = floor(coord * 20) / 20`",5000,"Europe","The Netherlands","NL","Noord-Brabant","Tilburg - Huis ter Heide - Galgeneind","",NA,NA,"2015-03-14","",NA,NA,NA,"https://data.biodiversitydata.nl/obsint/observation/OBS.99999757","Stichting Natuurinformatie","CC BY-NC 4.0","2015/03/14"
"99999752@OBS","https://observation.org/observation/99999752","OBS.99999752","HumanObservation","Observations","Parus major","species","Animalia","TITS_PARIDAE","Animalia|TITS_PARIDAE","Great Tit",NA,1,"unknown","undetermined",5.6,51.45,"WGS84","WGS84 coordinates generalized with formula: `coord = floor(coord * 20) / 20`",5000,"Europe","The Netherlands","NL","Noord-Brabant","Helmond - Warande e.o.","",NA,NA,"2015-03-12","",NA,NA,NA,"https://data.biodiversitydata.nl/obsint/observation/OBS.99999752","Stichting Natuurinformatie","CC BY-NC 4.0","2015/03/14"
"99999745@OBS","https://observation.org/observation/99999745","OBS.99999745","HumanObservation","Observations","Castor fiber","species","Animalia","BEAVERS_CASTORIDAE","Animalia|BEAVERS_CASTORIDAE","Eurasian Beaver",NA,1,"unknown","undetermined",5.8,51.05,"WGS84","WGS84 coordinates generalized with formula: `coord = floor(coord * 20) / 20`",5000,"Europe","The Netherlands","NL","Limburg","Susteren - 't Hout","",NA,NA,"2015-03-14","14:20",NA,NA,NA,"https://data.biodiversitydata.nl/obsint/observation/OBS.99999745","Stichting Natuurinformatie","CC BY-NC 4.0","2015/03/28"
"99999739@OBS","https://observation.org/observation/99999739","OBS.99999739","HumanObservation","Observations","Regulus ignicapilla","species","Animalia","KINGLETS_REGULIDAE","Animalia|KINGLETS_REGULIDAE","Common Firecrest",NA,1,"unknown","male",5.6,51.45,"WGS84","WGS84 coordinates generalized with formula: `coord = floor(coord * 100) / 100`",5000,"Europe","The Netherlands","NL","Noord-Brabant","Helmond - Warande e.o.","",NA,NA,"2015-03-12","",NA,NA,NA,"https://data.biodiversitydata.nl/obsint/observation/OBS.99999739","Stichting Natuurinformatie","CC BY-NC 4.0","2015/03/19"
"99999732@OBS","https://observation.org/observation/99999732","OBS.99999732","HumanObservation","Observations","Fulica atra","species","Animalia","RAILS_RALLIDAE","Animalia|RAILS_RALLIDAE","Eurasian Coot",NA,4,"unknown","undetermined",5.25,51.55,"WGS84","WGS84 coordinates generalized with formula: `coord = floor(coord * 20) / 20`",5000,"Europe","The Netherlands","NL","Noord-Brabant","Kampina - Winkelsven","meres",NA,NA,"2015-03-11","13:35",NA,NA,NA,"https://data.biodiversitydata.nl/obsint/observation/OBS.99999732","Stichting Natuurinformatie","CC BY-NC 4.0","2015/03/14"
"99999729@OBS","https://observation.org/observation/99999729","OBS.99999729","HumanObservation","Observations","Bergenia spec.","multispecies","Plantae","SAXIFRAGACEAE","Plantae|SAXIFRAGACEAE","",NA,21,"vegetative","undetermined",5,51.6,"WGS84","WGS84 coordinates generalized with formula: `coord = floor(coord * 20) / 20`",5000,"Europe","The Netherlands","NL","Noord-Brabant","Tilburg - Huis ter Heide","",NA,NA,"2015-03-14","",NA,NA,NA,"https://data.biodiversitydata.nl/obsint/observation/OBS.99999729","Stichting Natuurinformatie","CC BY-NC 4.0","2019/11/10"
"99999725@OBS","https://observation.org/observation/99999725","OBS.99999725","HumanObservation","Observations","Aythya fuligula","species","Animalia","DUCKS_GEESE_AND_SWANS_ANATIDAE","Animalia|DUCKS_GEESE_AND_SWANS_ANATIDAE","Tufted Duck",NA,4,"unknown","undetermined",5.25,51.55,"WGS84","WGS84 coordinates generalized with formula: `coord = floor(coord * 20) / 20`",5000,"Europe","The Netherlands","NL","Noord-Brabant","Kampina - Winkelsven","meres",NA,NA,"2015-03-11","13:35",NA,NA,NA,"https://data.biodiversitydata.nl/obsint/observation/OBS.99999725","Stichting Natuurinformatie","CC BY-NC 4.0","2015/03/14"
"99999715@OBS","https://observation.org/observation/99999715","OBS.99999715","HumanObservation","Observations","Branta canadensis","species","Animalia","DUCKS_GEESE_AND_SWANS_ANATIDAE","Animalia|DUCKS_GEESE_AND_SWANS_ANATIDAE","Canada Goose",NA,4,"unknown","undetermined",5.25,51.55,"WGS84","WGS84 coordinates generalized with formula: `coord = floor(coord * 20) / 20`",5000,"Europe","The Netherlands","NL","Noord-Brabant","Kampina - Winkelsven","meres",NA,NA,"2015-03-11","13:35",NA,NA,NA,"https://data.biodiversitydata.nl/obsint/observation/OBS.99999715","Stichting Natuurinformatie","CC BY-NC 4.0","2015/03/14"
"99999714@OBS","https://observation.org/observation/99999714","OBS.99999714","HumanObservation","Observations","Capreolus capreolus","species","Animalia","DEER_CERVIDAE","Animalia|DEER_CERVIDAE","European Roe Deer",NA,4,"unknown","undetermined",5.8,51.05,"WGS84","WGS84 coordinates generalized with formula: `coord = floor(coord * 20) / 20`",5000,"Europe","The Netherlands","NL","Limburg","Susteren - KÃ¶rbusch","",NA,NA,"2015-03-14","15:10",NA,NA,NA,"https://data.biodiversitydata.nl/obsint/observation/OBS.99999714","Stichting Natuurinformatie","CC BY-NC 4.0","2015/03/28"
"99999712@OBS","https://observation.org/observation/99999712","OBS.99999712","HumanObservation","Observations","Accipiter nisus","species","Animalia","HAWKS_AND_EAGLES_ACCIPITRIDAE","Animalia|HAWKS_AND_EAGLES_ACCIPITRIDAE","Eurasian Sparrowhawk",NA,1,"unknown","undetermined",5.25,52.05,"WGS84","WGS84 coordinates generalized with formula: `coord = floor(coord * 20) / 20`",5000,"Europe","The Netherlands","NL","Utrecht","Zeist - Heidestein","",NA,NA,"2015-03-14","14:42",NA,NA,NA,"https://data.biodiversitydata.nl/obsint/observation/OBS.99999712","Stichting Natuurinformatie","CC BY-NC 4.0","2015/03/15"
"99999711@OBS","https://observation.org/observation/99999711","OBS.99999711","HumanObservation","Observations","Asplenium ruta-muraria","species","Plantae","ASPLENIACEAE","Plantae|ASPLENIACEAE","Wall-rue",NA,1,"unknown","undetermined",5.65,51.85,"WGS84","WGS84 coordinates generalized with formula: `coord = floor(coord * 20) / 20`",5000,"Europe","The Netherlands","NL","Gelderland","Bergharen dorp","",NA,NA,"2015-03-08","16:40",NA,NA,NA,"https://data.biodiversitydata.nl/obsint/observation/OBS.99999711","Stichting Natuurinformatie","CC BY-NC 4.0","2015/03/14"
"99999704@OBS","https://observation.org/observation/99999704","OBS.99999704","HumanObservation","Observations","Vinca major","species","Plantae","APOCYNACEAE","Plantae|APOCYNACEAE","Greater Periwinkle",NA,1,"vegetative","undetermined",5,51.6,"WGS84","WGS84 coordinates generalized with formula: `coord = floor(coord * 20) / 20`",5000,"Europe","The Netherlands","NL","Noord-Brabant","Tilburg - Huis ter Heide","",NA,NA,"2015-03-14","",NA,NA,NA,"https://data.biodiversitydata.nl/obsint/observation/OBS.99999704","Stichting Natuurinformatie","CC BY-NC 4.0","2016/01/18"
"99999701@OBS","https://observation.org/observation/99999701","OBS.99999701","HumanObservation","Observations","Actitis macularius","species","Animalia","SANDPIPERS_AND_ALLIES_SCOLOPACIDAE","Animalia|SANDPIPERS_AND_ALLIES_SCOLOPACIDAE","Spotted Sandpiper",NA,1,"first winter","undetermined",5.1,52.75,"WGS84","WGS84 coordinates generalized with formula: `coord = floor(coord * 20) / 20`",5000,"Europe","The Netherlands","NL","Noord-Holland","Medemblik - Vooroever - Vlietsingel","",NA,NA,"2015-03-14","15:45",NA,NA,NA,"https://data.biodiversitydata.nl/obsint/observation/OBS.99999701","Stichting Natuurinformatie","CC BY-NC 4.0","2016/02/01"
"999996@OBS","https://observation.org/observation/999996","OBS.999996","HumanObservation","Observations","Ranunculus acris","species","Plantae","RANUNCULACEAE","Plantae|RANUNCULACEAE","Meadow Buttercup",NA,1,"unknown","undetermined",6.75,52.1,"WGS84","WGS84 coordinates generalized with formula: `coord = floor(coord * 20) / 20`",5000,"Europe","The Netherlands","NL","Overijssel","Haaksbergerveen - Zuidwestelijk deel","",NA,NA,"1978-07-01","",NA,NA,NA,"https://data.biodiversitydata.nl/obsint/observation/OBS.999996","Stichting Natuurinformatie","CC BY-NC 4.0","2013/11/13"
"99999691@OBS","https://observation.org/observation/99999691","OBS.99999691","HumanObservation","Observations","Lullula arborea","species","Animalia","LARKS_ALAUDIDAE","Animalia|LARKS_ALAUDIDAE","Woodlark",NA,1,"unknown","undetermined",4.95,52.35,"WGS84","WGS84 coordinates generalized with formula: `coord = floor(coord * 20) / 20`",5000,"Europe","The Netherlands","NL","Noord-Holland","Amsterdam - Science Park","",NA,NA,"2015-03-14","14:30",NA,NA,NA,"https://data.biodiversitydata.nl/obsint/observation/OBS.99999691","Stichting Natuurinformatie","CC BY-NC 4.0","2015/03/14"
"99999690@OBS","https://observation.org/observation/99999690","OBS.99999690","HumanObservation","Observations","Buteo buteo","species","Animalia","HAWKS_AND_EAGLES_ACCIPITRIDAE","Animalia|HAWKS_AND_EAGLES_ACCIPITRIDAE","Common Buzzard",NA,1,"unknown","undetermined",5.05,51.7,"WGS84","WGS84 coordinates generalized with formula: `coord = floor(coord * 20) / 20`",5000,"Europe","The Netherlands","NL","Noord-Brabant","Waalwijk - Gansooiensche Uiterwaard","",NA,NA,"2015-03-14","14:50",NA,NA,NA,"https://data.biodiversitydata.nl/obsint/observation/OBS.99999690","Stichting Natuurinformatie","CC BY-NC 4.0","2015/03/14"
"99999687@OBS","https://observation.org/observation/99999687","OBS.99999687","HumanObservation","Observations","Spatula clypeata","species","Animalia","DUCKS_GEESE_AND_SWANS_ANATIDAE","Animalia|DUCKS_GEESE_AND_SWANS_ANATIDAE","Northern Shoveler",NA,1,"unknown","undetermined",5.05,51.7,"WGS84","WGS84 coordinates generalized with formula: `coord = floor(coord * 20) / 20`",5000,"Europe","The Netherlands","NL","Noord-Brabant","Waalwijk - Gansooiensche Uiterwaard","",NA,NA,"2015-03-14","14:50",NA,NA,NA,"https://data.biodiversitydata.nl/obsint/observation/OBS.99999687","Stichting Natuurinformatie","CC BY-NC 4.0","2015/03/14"
"99999678@OBS","https://observation.org/observation/99999678","OBS.99999678","HumanObservation","Observations","Hylotelephium telephium agg.","multispecies","Plantae","CRASSULACEAE","Plantae|CRASSULACEAE","",NA,3,"vegetative","undetermined",5,51.6,"WGS84","WGS84 coordinates generalized with formula: `coord = floor(coord * 20) / 20`",5000,"Europe","The Netherlands","NL","Noord-Brabant","Tilburg - Huis ter Heide","",NA,NA,"2015-03-14","",NA,NA,NA,"https://data.biodiversitydata.nl/obsint/observation/OBS.99999678","Stichting Natuurinformatie","CC BY-NC 4.0","2016/01/18"
"99999675@OBS","https://observation.org/observation/99999675","OBS.99999675","HumanObservation","Observations","Anthus spinoletta","species","Animalia","PIPITS_EN_WAGTAILS_MOTACILLIDAE","Animalia|PIPITS_EN_WAGTAILS_MOTACILLIDAE","Water Pipit",NA,10,"unknown","undetermined",5.05,52.9,"WGS84","WGS84 coordinates generalized with formula: `coord = floor(coord * 20) / 20`",5000,"Europe","The Netherlands","NL","Noord-Holland","Noorderdijkweg - Dijkgatsweide","",NA,NA,"2015-03-14","13:00",NA,NA,NA,"https://data.biodiversitydata.nl/obsint/observation/OBS.99999675","Stichting Natuurinformatie","CC BY-NC 4.0","2015/04/07"
"99999670@OBS","https://observation.org/observation/99999670","OBS.99999670","HumanObservation","Observations","Mustela putorius","species","Animalia","WEASELS_AND_RELATIVES_MUSTELIDAE","Animalia|WEASELS_AND_RELATIVES_MUSTELIDAE","Western Polecat",NA,1,"unknown","undetermined",5.65,52.3,"WGS84","WGS84 coordinates generalized with formula: `coord = floor(coord * 20) / 20`",5000,"Europe","The Netherlands","NL","Gelderland","A28 - Harderwijk","",NA,NA,"2015-03-14","",NA,NA,NA,"https://data.biodiversitydata.nl/obsint/observation/OBS.99999670","Stichting Natuurinformatie","CC BY-NC 4.0","2015/08/27"
"99999666@OBS","https://observation.org/observation/99999666","OBS.99999666","HumanObservation","Observations","Anas crecca","species","Animalia","DUCKS_GEESE_AND_SWANS_ANATIDAE","Animalia|DUCKS_GEESE_AND_SWANS_ANATIDAE","Eurasian Teal",NA,57,"unknown","undetermined",5.05,51.7,"WGS84","WGS84 coordinates generalized with formula: `coord = floor(coord * 20) / 20`",5000,"Europe","The Netherlands","NL","Noord-Brabant","Waalwijk - Gansooiensche Uiterwaard","",NA,NA,"2015-03-14","14:40",NA,NA,NA,"https://data.biodiversitydata.nl/obsint/observation/OBS.99999666","Stichting Natuurinformatie","CC BY-NC 4.0","2015/03/14"
"99999663@OBS","https://observation.org/observation/99999663","OBS.99999663","HumanObservation","Observations","Branta bernicla hrota","subspecies","Animalia","DUCKS_GEESE_AND_SWANS_ANATIDAE","Animalia|DUCKS_GEESE_AND_SWANS_ANATIDAE","Pale-bellied Brent Goose",NA,1,"adult","undetermined",4.95,52.9,"WGS84","WGS84 coordinates generalized with formula: `coord = floor(coord * 20) / 20`",5000,"Europe","The Netherlands","NL","Noord-Holland","Oosterlanderkoog","",NA,NA,"2015-03-14","13:00",NA,NA,NA,"https://data.biodiversitydata.nl/obsint/observation/OBS.99999663","Stichting Natuurinformatie","CC BY-NC 4.0","2015/03/14"
"99999657@OBS","https://observation.org/observation/99999657","OBS.99999657","HumanObservation","Observations","Numenius arquata","species","Animalia","SANDPIPERS_AND_ALLIES_SCOLOPACIDAE","Animalia|SANDPIPERS_AND_ALLIES_SCOLOPACIDAE","Eurasian Curlew",NA,2,"unknown","undetermined",5.05,51.7,"WGS84","WGS84 coordinates generalized with formula: `coord = floor(coord * 20) / 20`",5000,"Europe","The Netherlands","NL","Noord-Brabant","Waalwijk - Gansooiensche Uiterwaard","",NA,NA,"2015-03-14","14:40",NA,NA,NA,"https://data.biodiversitydata.nl/obsint/observation/OBS.99999657","Stichting Natuurinformatie","CC BY-NC 4.0","2018/03/21"
"99999656@OBS","https://observation.org/observation/99999656","OBS.99999656","HumanObservation","Observations","Corvus corone","species","Animalia","CROWS_AND_JAYS_CORVIDAE","Animalia|CROWS_AND_JAYS_CORVIDAE","Carrion Crow",NA,1,"adult","undetermined",6.03802433231845,46.1427862480688,"WGS84","",25,"Europe","Switzerland","CH","","Switzerland - GenÃ¨ve","",NA,NA,"2015-03-14","07:50",NA,NA,NA,"https://data.biodiversitydata.nl/obsint/observation/OBS.99999656","Stichting Natuurinformatie","CC BY-NC 4.0","2015/03/14"
"99999655@OBS","https://observation.org/observation/99999655","OBS.99999655","HumanObservation","Observations","Buteo buteo","species","Animalia","HAWKS_AND_EAGLES_ACCIPITRIDAE","Animalia|HAWKS_AND_EAGLES_ACCIPITRIDAE","Common Buzzard",NA,1,"adult","undetermined",6.0237122210839,46.1436782153152,"WGS84","",25,"Europe","Switzerland","CH","","Switzerland - GenÃ¨ve","",NA,NA,"2015-03-14","07:52",NA,NA,NA,"https://data.biodiversitydata.nl/obsint/observation/OBS.99999655","Stichting Natuurinformatie","CC BY-NC 4.0","2015/03/14"
"99999654@OBS","https://observation.org/observation/99999654","OBS.99999654","HumanObservation","Observations","Turdus merula","species","Animalia","THRUSHES_TURDIDAE","Animalia|THRUSHES_TURDIDAE","Common Blackbird",NA,2,"adult","undetermined",6.01781165612971,46.1476738694604,"WGS84","",25,"Europe","Switzerland","CH","","Switzerland - GenÃ¨ve","",NA,NA,"2015-03-14","07:56",NA,NA,NA,"https://data.biodiversitydata.nl/obsint/observation/OBS.99999654","Stichting Natuurinformatie","CC BY-NC 4.0","2017/08/12"
"99999653@OBS","https://observation.org/observation/99999653","OBS.99999653","HumanObservation","Observations","Buteo buteo","species","Animalia","HAWKS_AND_EAGLES_ACCIPITRIDAE","Animalia|HAWKS_AND_EAGLES_ACCIPITRIDAE","Common Buzzard",NA,1,"adult","undetermined",6.01781165612971,46.1476738694604,"WGS84","",25,"Europe","Switzerland","CH","","Switzerland - GenÃ¨ve","",NA,NA,"2015-03-14","07:56",NA,NA,NA,"https://data.biodiversitydata.nl/obsint/observation/OBS.99999653","Stichting Natuurinformatie","CC BY-NC 4.0","2015/03/14"
"99999652@OBS","https://observation.org/observation/99999652","OBS.99999652","HumanObservation","Observations","Corvus corone","species","Animalia","CROWS_AND_JAYS_CORVIDAE","Animalia|CROWS_AND_JAYS_CORVIDAE","Carrion Crow",NA,2,"adult","undetermined",6.01781165612971,46.1476738694604,"WGS84","",25,"Europe","Switzerland","CH","","Switzerland - GenÃ¨ve","",NA,NA,"2015-03-14","07:56",NA,NA,NA,"https://data.biodiversitydata.nl/obsint/observation/OBS.99999652","Stichting Natuurinformatie","CC BY-NC 4.0","2015/03/14"
"99999650@OBS","https://observation.org/observation/99999650","OBS.99999650","HumanObservation","Observations","Phasianus colchicus","species","Animalia","FRANCOLINS_QUAILS_PARTRIDGES_AND_PHEASANTS_PHASIANIDAE","Animalia|FRANCOLINS_QUAILS_PARTRIDGES_AND_PHEASANTS_PHASIANIDAE","Common Pheasant",NA,1,"adult","male",6.02871273050661,46.1537940892574,"WGS84","",25,"Europe","Switzerland","CH","","Switzerland - GenÃ¨ve","",NA,NA,"2015-03-14","08:00",NA,NA,NA,"https://data.biodiversitydata.nl/obsint/observation/OBS.99999650","Stichting Natuurinformatie","CC BY-NC 4.0","2015/03/14"
"99999647@OBS","https://observation.org/observation/99999647","OBS.99999647","HumanObservation","Observations","Alauda arvensis","species","Animalia","LARKS_ALAUDIDAE","Animalia|LARKS_ALAUDIDAE","Eurasian Skylark",NA,1,"adult","undetermined",6.01904372918841,46.1568781573849,"WGS84","",25,"Europe","Switzerland","CH","","Switzerland - GenÃ¨ve","",NA,NA,"2015-03-14","08:07",NA,NA,NA,"https://data.biodiversitydata.nl/obsint/observation/OBS.99999647","Stichting Natuurinformatie","CC BY-NC 4.0","2015/03/14"
"99999646@OBS","https://observation.org/observation/99999646","OBS.99999646","HumanObservation","Observations","Sturnus vulgaris","species","Animalia","STARLINGS_STURNIDAE","Animalia|STARLINGS_STURNIDAE","Common Starling",NA,1,"adult","undetermined",6.01904372918841,46.1568781573849,"WGS84","",25,"Europe","Switzerland","CH","","Switzerland - GenÃ¨ve","",NA,NA,"2015-03-14","08:07",NA,NA,NA,"https://data.biodiversitydata.nl/obsint/observation/OBS.99999646","Stichting Natuurinformatie","CC BY-NC 4.0","2015/03/14"
"99999645@OBS","https://observation.org/observation/99999645","OBS.99999645","HumanObservation","Observations","Parus major","species","Animalia","TITS_PARIDAE","Animalia|TITS_PARIDAE","Great Tit",NA,3,"adult","undetermined",6.0084484503303,46.1792500497282,"WGS84","",25,"Europe","Switzerland","CH","","Switzerland - GenÃ¨ve","",NA,NA,"2015-03-14","08:21",NA,NA,NA,"https://data.biodiversitydata.nl/obsint/observation/OBS.99999645","Stichting Natuurinformatie","CC BY-NC 4.0","2015/03/14"
"99999644@OBS","https://observation.org/observation/99999644","OBS.99999644","HumanObservation","Observations","Turdus merula","species","Animalia","THRUSHES_TURDIDAE","Animalia|THRUSHES_TURDIDAE","Common Blackbird",NA,1,"adult","undetermined",6.0084484503303,46.1792500497282,"WGS84","",25,"Europe","Switzerland","CH","","Switzerland - GenÃ¨ve","",NA,NA,"2015-03-14","08:21",NA,NA,NA,"https://data.biodiversitydata.nl/obsint/observation/OBS.99999644","Stichting Natuurinformatie","CC BY-NC 4.0","2015/03/14"
"99999643@OBS","https://observation.org/observation/99999643","OBS.99999643","HumanObservation","Observations","Anas platyrhynchos","species","Animalia","DUCKS_GEESE_AND_SWANS_ANATIDAE","Animalia|DUCKS_GEESE_AND_SWANS_ANATIDAE","Mallard",NA,1,"adult","male",6.00863078996716,46.1794241706051,"WGS84","",25,"Europe","Switzerland","CH","","Switzerland - GenÃ¨ve","",NA,NA,"2015-03-14","08:22",NA,NA,NA,"https://data.biodiversitydata.nl/obsint/observation/OBS.99999643","Stichting Natuurinformatie","CC BY-NC 4.0","2015/03/14"
"99999642@OBS","https://observation.org/observation/99999642","OBS.99999642","HumanObservation","Observations","Troglodytes troglodytes","species","Animalia","WRENS_TROGLODYTIDAE","Animalia|WRENS_TROGLODYTIDAE","Eurasian Wren",NA,1,"adult","undetermined",6.00863078996716,46.1794241706051,"WGS84","",25,"Europe","Switzerland","CH","","Switzerland - GenÃ¨ve","",NA,NA,"2015-03-14","08:22",NA,NA,NA,"https://data.biodiversitydata.nl/obsint/observation/OBS.99999642","Stichting Natuurinformatie","CC BY-NC 4.0","2015/03/14"
"99999641@OBS","https://observation.org/observation/99999641","OBS.99999641","HumanObservation","Observations","Sylvia atricapilla","species","Animalia","OLD_WORLD_WARBLERS_SYLVIIDAE","Animalia|OLD_WORLD_WARBLERS_SYLVIIDAE","Eurasian Blackcap",NA,2,"adult","undetermined",6.00979044921296,46.1792821004293,"WGS84","",25,"Europe","Switzerland","CH","","Switzerland - GenÃ¨ve","",NA,NA,"2015-03-14","08:25",NA,NA,NA,"https://data.biodiversitydata.nl/obsint/observation/OBS.99999641","Stichting Natuurinformatie","CC BY-NC 4.0","2015/04/07"
"99999639@OBS","https://observation.org/observation/99999639","OBS.99999639","HumanObservation","Observations","Garrulus glandarius","species","Animalia","CROWS_AND_JAYS_CORVIDAE","Animalia|CROWS_AND_JAYS_CORVIDAE","Eurasian Jay",NA,1,"adult","undetermined",6.01090494052771,46.1783102103888,"WGS84","",25,"Europe","Switzerland","CH","","Switzerland - GenÃ¨ve","",NA,NA,"2015-03-14","08:29",NA,NA,NA,"https://data.biodiversitydata.nl/obsint/observation/OBS.99999639","Stichting Natuurinformatie","CC BY-NC 4.0","2015/03/14"
"99999638@OBS","https://observation.org/observation/99999638","OBS.99999638","HumanObservation","Observations","Gallinago gallinago","species","Animalia","SANDPIPERS_AND_ALLIES_SCOLOPACIDAE","Animalia|SANDPIPERS_AND_ALLIES_SCOLOPACIDAE","Common Snipe",NA,3,"adult","undetermined",6.01119803968539,46.1779230672514,"WGS84","",25,"Europe","Switzerland","CH","","Switzerland - GenÃ¨ve","",NA,NA,"2015-03-14","08:33",NA,NA,NA,"https://data.biodiversitydata.nl/obsint/observation/OBS.99999638","Stichting Natuurinformatie","CC BY-NC 4.0","2015/03/14"
"99999637@OBS","https://observation.org/observation/99999637","OBS.99999637","HumanObservation","Observations","Rallus aquaticus","species","Animalia","RAILS_RALLIDAE","Animalia|RAILS_RALLIDAE","Water Rail",NA,1,"adult","undetermined",6.01119803968539,46.1779230672514,"WGS84","",25,"Europe","Switzerland","CH","","Switzerland - GenÃ¨ve","",NA,NA,"2015-03-14","08:33",NA,NA,NA,"https://data.biodiversitydata.nl/obsint/observation/OBS.99999637","Stichting Natuurinformatie","CC BY-NC 4.0","2015/04/01"
"99999635@OBS","https://observation.org/observation/99999635","OBS.99999635","HumanObservation","Observations","Mergus merganser","species","Animalia","DUCKS_GEESE_AND_SWANS_ANATIDAE","Animalia|DUCKS_GEESE_AND_SWANS_ANATIDAE","Common Merganser",NA,1,"adult","undetermined",6.01371165733396,46.1780403165084,"WGS84","",25,"Europe","Switzerland","CH","","Switzerland - GenÃ¨ve","",NA,NA,"2015-03-14","08:39",NA,NA,NA,"https://data.biodiversitydata.nl/obsint/observation/OBS.99999635","Stichting Natuurinformatie","CC BY-NC 4.0","2015/03/14"
"99999634@OBS","https://observation.org/observation/99999634","OBS.99999634","HumanObservation","Observations","Netta rufina","species","Animalia","DUCKS_GEESE_AND_SWANS_ANATIDAE","Animalia|DUCKS_GEESE_AND_SWANS_ANATIDAE","Red-crested Pochard",NA,15,"adult","male",6.01468389498435,46.1789930962738,"WGS84","",25,"Europe","Switzerland","CH","","Switzerland - GenÃ¨ve","",NA,NA,"2015-03-14","08:45",NA,NA,NA,"https://data.biodiversitydata.nl/obsint/observation/OBS.99999634","Stichting Natuurinformatie","CC BY-NC 4.0","2015/03/14"
"99999633@OBS","https://observation.org/observation/99999633","OBS.99999633","HumanObservation","Observations","Netta rufina","species","Animalia","DUCKS_GEESE_AND_SWANS_ANATIDAE","Animalia|DUCKS_GEESE_AND_SWANS_ANATIDAE","Red-crested Pochard",NA,7,"adult","female",6.01468389498435,46.1789930962738,"WGS84","",25,"Europe","Switzerland","CH","","Switzerland - GenÃ¨ve","",NA,NA,"2015-03-14","08:45",NA,NA,NA,"https://data.biodiversitydata.nl/obsint/observation/OBS.99999633","Stichting Natuurinformatie","CC BY-NC 4.0","2015/03/14"
"99999632@OBS","https://observation.org/observation/99999632","OBS.99999632","HumanObservation","Observations","Fulica atra","species","Animalia","RAILS_RALLIDAE","Animalia|RAILS_RALLIDAE","Eurasian Coot",NA,5,"adult","undetermined",6.01472897724571,46.1789826472065,"WGS84","",25,"Europe","Switzerland","CH","","Switzerland - GenÃ¨ve","",NA,NA,"2015-03-14","08:46",NA,NA,NA,"https://data.biodiversitydata.nl/obsint/observation/OBS.99999632","Stichting Natuurinformatie","CC BY-NC 4.0","2015/03/14"
"99999631@OBS","https://observation.org/observation/99999631","OBS.99999631","HumanObservation","Observations","Dendrocopos major","species","Animalia","WOODPECKERS_PICIDAE","Animalia|WOODPECKERS_PICIDAE","Great Spotted Woodpecker",NA,1,"adult","undetermined",6.01474004112689,46.1789970553096,"WGS84","",25,"Europe","Switzerland","CH","","Switzerland - GenÃ¨ve","",NA,NA,"2015-03-14","08:49",NA,NA,NA,"https://data.biodiversitydata.nl/obsint/observation/OBS.99999631","Stichting Natuurinformatie","CC BY-NC 4.0","2015/03/14"
"99999630@OBS","https://observation.org/observation/99999630","OBS.99999630","HumanObservation","Observations","Turdus philomelos","species","Animalia","THRUSHES_TURDIDAE","Animalia|THRUSHES_TURDIDAE","Song Thrush",NA,1,"adult","undetermined",6.01560128707314,46.1798059517602,"WGS84","",25,"Europe","Switzerland","CH","","Switzerland - GenÃ¨ve","",NA,NA,"2015-03-14","08:54",NA,NA,NA,"https://data.biodiversitydata.nl/obsint/observation/OBS.99999630","Stichting Natuurinformatie","CC BY-NC 4.0","2015/03/14"
"99999629@OBS","https://observation.org/observation/99999629","OBS.99999629","HumanObservation","Observations","Gallinago gallinago","species","Animalia","SANDPIPERS_AND_ALLIES_SCOLOPACIDAE","Animalia|SANDPIPERS_AND_ALLIES_SCOLOPACIDAE","Common Snipe",NA,8,"adult","undetermined",6.0163722767583,46.1807477905537,"WGS84","",25,"Europe","Switzerland","CH","","Switzerland - GenÃ¨ve","",NA,NA,"2015-03-14","09:00",NA,NA,NA,"https://data.biodiversitydata.nl/obsint/observation/OBS.99999629","Stichting Natuurinformatie","CC BY-NC 4.0","2015/03/14"
"99999628@OBS","https://observation.org/observation/99999628","OBS.99999628","HumanObservation","Observations","Anas platyrhynchos","species","Animalia","DUCKS_GEESE_AND_SWANS_ANATIDAE","Animalia|DUCKS_GEESE_AND_SWANS_ANATIDAE","Mallard",NA,1,"adult","undetermined",6.0163722767583,46.1807477905537,"WGS84","",25,"Europe","Switzerland","CH","","Switzerland - GenÃ¨ve","",NA,NA,"2015-03-14","09:00",NA,NA,NA,"https://data.biodiversitydata.nl/obsint/observation/OBS.99999628","Stichting Natuurinformatie","CC BY-NC 4.0","2015/03/14"
"99999627@OBS","https://observation.org/observation/99999627","OBS.99999627","HumanObservation","Observations","Tachybaptus ruficollis","species","Animalia","GREBES_PODICIPEDIDAE","Animalia|GREBES_PODICIPEDIDAE","Little Grebe",NA,1,"adult","undetermined",6.01639222798048,46.180770563881,"WGS84","",25,"Europe","Switzerland","CH","","Switzerland - GenÃ¨ve","",NA,NA,"2015-03-14","09:04",NA,NA,NA,"https://data.biodiversitydata.nl/obsint/observation/OBS.99999627","Stichting Natuurinformatie","CC BY-NC 4.0","2015/03/14"
"99999625@OBS","https://observation.org/observation/99999625","OBS.99999625","HumanObservation","Observations","Anas crecca","species","Animalia","DUCKS_GEESE_AND_SWANS_ANATIDAE","Animalia|DUCKS_GEESE_AND_SWANS_ANATIDAE","Eurasian Teal",NA,3,"adult","undetermined",6.0163722142904,46.180780274488,"WGS84","",25,"Europe","Switzerland","CH","","Switzerland - GenÃ¨ve","",NA,NA,"2015-03-14","09:21",NA,NA,NA,"https://data.biodiversitydata.nl/obsint/observation/OBS.99999625","Stichting Natuurinformatie","CC BY-NC 4.0","2015/03/14"
"99999624@OBS","https://observation.org/observation/99999624","OBS.99999624","HumanObservation","Observations","Milvus migrans","species","Animalia","HAWKS_AND_EAGLES_ACCIPITRIDAE","Animalia|HAWKS_AND_EAGLES_ACCIPITRIDAE","Black Kite",NA,1,"adult","undetermined",6.01641825658226,46.1807975191818,"WGS84","",25,"Europe","Switzerland","CH","","Switzerland - GenÃ¨ve","",NA,NA,"2015-03-14","09:28",NA,NA,NA,"https://data.biodiversitydata.nl/obsint/observation/OBS.99999624","Stichting Natuurinformatie","CC BY-NC 4.0","2015/03/14"
"99999622@OBS","https://observation.org/observation/99999622","OBS.99999622","HumanObservation","Observations","Mergus merganser","species","Animalia","DUCKS_GEESE_AND_SWANS_ANATIDAE","Animalia|DUCKS_GEESE_AND_SWANS_ANATIDAE","Common Merganser",NA,1,"adult","male",6.01642454474503,46.1808058001566,"WGS84","",25,"Europe","Switzerland","CH","","Switzerland - GenÃ¨ve","",NA,NA,"2015-03-14","09:31",NA,NA,NA,"https://data.biodiversitydata.nl/obsint/observation/OBS.99999622","Stichting Natuurinformatie","CC BY-NC 4.0","2015/03/14"
"99999620@OBS","https://observation.org/observation/99999620","OBS.99999620","HumanObservation","Observations","Podiceps cristatus","species","Animalia","GREBES_PODICIPEDIDAE","Animalia|GREBES_PODICIPEDIDAE","Great Crested Grebe",NA,1,"adult","undetermined",6.01550396635649,46.1793458698271,"WGS84","",25,"Europe","Switzerland","CH","","Switzerland - GenÃ¨ve","",NA,NA,"2015-03-14","09:54",NA,NA,NA,"https://data.biodiversitydata.nl/obsint/observation/OBS.99999620","Stichting Natuurinformatie","CC BY-NC 4.0","2015/03/14"
"99999619@OBS","https://observation.org/observation/99999619","OBS.99999619","HumanObservation","Observations","Dryocopus martius","species","Animalia","WOODPECKERS_PICIDAE","Animalia|WOODPECKERS_PICIDAE","Black Woodpecker",NA,1,"adult","undetermined",6.01186068815492,46.178009028866,"WGS84","",25,"Europe","Switzerland","CH","","Switzerland - GenÃ¨ve","",NA,NA,"2015-03-14","10:00",NA,NA,NA,"https://data.biodiversitydata.nl/obsint/observation/OBS.99999619","Stichting Natuurinformatie","CC BY-NC 4.0","2015/03/14"
"99999618@OBS","https://observation.org/observation/99999618","OBS.99999618","HumanObservation","Observations","Motacilla alba","species","Animalia","PIPITS_EN_WAGTAILS_MOTACILLIDAE","Animalia|PIPITS_EN_WAGTAILS_MOTACILLIDAE","White Wagtail",NA,2,"adult","undetermined",6.02674086921611,46.1925927412838,"WGS84","",25,"Europe","Switzerland","CH","","Switzerland - GenÃ¨ve","",NA,NA,"2015-03-14","10:18",NA,NA,NA,"https://data.biodiversitydata.nl/obsint/observation/OBS.99999618","Stichting Natuurinformatie","CC BY-NC 4.0","2015/03/30"
"99999617@OBS","https://observation.org/observation/99999617","OBS.99999617","HumanObservation","Observations","Podiceps cristatus","species","Animalia","GREBES_PODICIPEDIDAE","Animalia|GREBES_PODICIPEDIDAE","Great Crested Grebe",NA,1,"adult","undetermined",6.02674086921611,46.1925927412838,"WGS84","",25,"Europe","Switzerland","CH","","Switzerland - GenÃ¨ve","",NA,NA,"2015-03-14","10:18",NA,NA,NA,"https://data.biodiversitydata.nl/obsint/observation/OBS.99999617","Stichting Natuurinformatie","CC BY-NC 4.0","2015/03/14"
"99999616@OBS","https://observation.org/observation/99999616","OBS.99999616","HumanObservation","Observations","Aythya fuligula","species","Animalia","DUCKS_GEESE_AND_SWANS_ANATIDAE","Animalia|DUCKS_GEESE_AND_SWANS_ANATIDAE","Tufted Duck",NA,1,"adult","undetermined",6.02674086921611,46.1925927412838,"WGS84","",25,"Europe","Switzerland","CH","","Switzerland - GenÃ¨ve","",NA,NA,"2015-03-14","10:19",NA,NA,NA,"https://data.biodiversitydata.nl/obsint/observation/OBS.99999616","Stichting Natuurinformatie","CC BY-NC 4.0","2015/03/14"
"99999615@OBS","https://observation.org/observation/99999615","OBS.99999615","HumanObservation","Observations","Fulica atra","species","Animalia","RAILS_RALLIDAE","Animalia|RAILS_RALLIDAE","Eurasian Coot",NA,1,"adult","undetermined",6.02674086921611,46.1925927412838,"WGS84","",25,"Europe","Switzerland","CH","","Switzerland - GenÃ¨ve","",NA,NA,"2015-03-14","10:19",NA,NA,NA,"https://data.biodiversitydata.nl/obsint/observation/OBS.99999615","Stichting Natuurinformatie","CC BY-NC 4.0","2015/03/14"
"99999614@OBS","https://observation.org/observation/99999614","OBS.99999614","HumanObservation","Observations","Gallinula chloropus","species","Animalia","RAILS_RALLIDAE","Animalia|RAILS_RALLIDAE","Common Moorhen",NA,4,"adult","undetermined",6.02674086921611,46.1925927412838,"WGS84","",25,"Europe","Switzerland","CH","","Switzerland - GenÃ¨ve","",NA,NA,"2015-03-14","10:19",NA,NA,NA,"https://data.biodiversitydata.nl/obsint/observation/OBS.99999614","Stichting Natuurinformatie","CC BY-NC 4.0","2015/03/14"
"99999613@OBS","https://observation.org/observation/99999613","OBS.99999613","HumanObservation","Observations","Anas platyrhynchos","species","Animalia","DUCKS_GEESE_AND_SWANS_ANATIDAE","Animalia|DUCKS_GEESE_AND_SWANS_ANATIDAE","Mallard",NA,1,"adult","undetermined",6.02674086921611,46.1925927412838,"WGS84","",25,"Europe","Switzerland","CH","","Switzerland - GenÃ¨ve","",NA,NA,"2015-03-14","10:20",NA,NA,NA,"https://data.biodiversitydata.nl/obsint/observation/OBS.99999613","Stichting Natuurinformatie","CC BY-NC 4.0","2015/03/14"
"99999611@OBS","https://observation.org/observation/99999611","OBS.99999611","HumanObservation","Observations","Milvus migrans","species","Animalia","HAWKS_AND_EAGLES_ACCIPITRIDAE","Animalia|HAWKS_AND_EAGLES_ACCIPITRIDAE","Black Kite",NA,6,"adult","undetermined",6.02673688431019,46.192592270343,"WGS84","",25,"Europe","Switzerland","CH","","Switzerland - GenÃ¨ve","",NA,NA,"2015-03-14","10:22",NA,NA,NA,"https://data.biodiversitydata.nl/obsint/observation/OBS.99999611","Stichting Natuurinformatie","CC BY-NC 4.0","2015/03/14"
"99999609@OBS","https://observation.org/observation/99999609","OBS.99999609","HumanObservation","Observations","Aythya ferina","species","Animalia","DUCKS_GEESE_AND_SWANS_ANATIDAE","Animalia|DUCKS_GEESE_AND_SWANS_ANATIDAE","Common Pochard",NA,1,"adult","undetermined",6.03082570708587,46.1938253728222,"WGS84","",25,"Europe","Switzerland","CH","","Switzerland - GenÃ¨ve","",NA,NA,"2015-03-14","10:31",NA,NA,NA,"https://data.biodiversitydata.nl/obsint/observation/OBS.99999609","Stichting Natuurinformatie","CC BY-NC 4.0","2015/03/14"
"99999608@OBS","https://observation.org/observation/99999608","OBS.99999608","HumanObservation","Observations","Netta rufina","species","Animalia","DUCKS_GEESE_AND_SWANS_ANATIDAE","Animalia|DUCKS_GEESE_AND_SWANS_ANATIDAE","Red-crested Pochard",NA,1,"adult","male",6.03082570708587,46.1938253728222,"WGS84","",25,"Europe","Switzerland","CH","","Switzerland - GenÃ¨ve","",NA,NA,"2015-03-14","10:32",NA,NA,NA,"https://data.biodiversitydata.nl/obsint/observation/OBS.99999608","Stichting Natuurinformatie","CC BY-NC 4.0","2015/03/14"
"99999607@OBS","https://observation.org/observation/99999607","OBS.99999607","HumanObservation","Observations","Cygnus olor","species","Animalia","DUCKS_GEESE_AND_SWANS_ANATIDAE","Animalia|DUCKS_GEESE_AND_SWANS_ANATIDAE","Mute Swan",NA,1,"adult","undetermined",6.03082570708587,46.1938253728222,"WGS84","",25,"Europe","Switzerland","CH","","Switzerland - GenÃ¨ve","",NA,NA,"2015-03-14","10:32",NA,NA,NA,"https://data.biodiversitydata.nl/obsint/observation/OBS.99999607","Stichting Natuurinformatie","CC BY-NC 4.0","2015/03/14"
"99999606@OBS","https://observation.org/observation/99999606","OBS.99999606","HumanObservation","Observations","Mareca strepera","species","Animalia","DUCKS_GEESE_AND_SWANS_ANATIDAE","Animalia|DUCKS_GEESE_AND_SWANS_ANATIDAE","Gadwall",NA,3,"adult","male",6.03059145644068,46.1937346237783,"WGS84","",25,"Europe","Switzerland","CH","","Switzerland - GenÃ¨ve","",NA,NA,"2015-03-14","10:34",NA,NA,NA,"https://data.biodiversitydata.nl/obsint/observation/OBS.99999606","Stichting Natuurinformatie","CC BY-NC 4.0","2015/03/14"
"99999605@OBS","https://observation.org/observation/99999605","OBS.99999605","HumanObservation","Observations","Mareca strepera","species","Animalia","DUCKS_GEESE_AND_SWANS_ANATIDAE","Animalia|DUCKS_GEESE_AND_SWANS_ANATIDAE","Gadwall",NA,1,"adult","female",6.03059145644068,46.1937346237783,"WGS84","",25,"Europe","Switzerland","CH","","Switzerland - GenÃ¨ve","",NA,NA,"2015-03-14","10:34",NA,NA,NA,"https://data.biodiversitydata.nl/obsint/observation/OBS.99999605","Stichting Natuurinformatie","CC BY-NC 4.0","2015/03/14"
"99999604@OBS","https://observation.org/observation/99999604","OBS.99999604","HumanObservation","Observations","Phalacrocorax carbo","species","Animalia","CORMORANTS_PHALACROCORACIDAE","Animalia|CORMORANTS_PHALACROCORACIDAE","Great Cormorant",NA,1,"adult","undetermined",6.0304671727409,46.1936882613641,"WGS84","",25,"Europe","Switzerland","CH","","Switzerland - GenÃ¨ve","",NA,NA,"2015-03-14","10:37",NA,NA,NA,"https://data.biodiversitydata.nl/obsint/observation/OBS.99999604","Stichting Natuurinformatie","CC BY-NC 4.0","2015/03/14"
"99999603@OBS","https://observation.org/observation/99999603","OBS.99999603","HumanObservation","Observations","Gallinula chloropus","species","Animalia","RAILS_RALLIDAE","Animalia|RAILS_RALLIDAE","Common Moorhen",NA,1,"adult","undetermined",6.04438832040236,46.1987761977398,"WGS84","",25,"Europe","Switzerland","CH","","Switzerland - GenÃ¨ve","",NA,NA,"2015-03-14","10:43",NA,NA,NA,"https://data.biodiversitydata.nl/obsint/observation/OBS.99999603","Stichting Natuurinformatie","CC BY-NC 4.0","2015/03/14"
"99999602@OBS","https://observation.org/observation/99999602","OBS.99999602","HumanObservation","Observations","Cygnus olor","species","Animalia","DUCKS_GEESE_AND_SWANS_ANATIDAE","Animalia|DUCKS_GEESE_AND_SWANS_ANATIDAE","Mute Swan",NA,1,"adult","undetermined",6.04438832040236,46.1987761977398,"WGS84","",25,"Europe","Switzerland","CH","","Switzerland - GenÃ¨ve","",NA,NA,"2015-03-14","10:44",NA,NA,NA,"https://data.biodiversitydata.nl/obsint/observation/OBS.99999602","Stichting Natuurinformatie","CC BY-NC 4.0","2015/03/14"
